Updated 08/07/25 at 09:19am,Position Rank,Position,Team,Value,Age,Rookie,KTC 1QB Position Rank,KTC 1QB Value,FantasyCalc Values ->,FantasyCalc Position Rank,FantasyCalc Value,FantasyCalc 1QB Position Rank,FantasyCalc 1QB Value,Redraft Values ->,KTC Redraft Position Rank,KTC Redraft Value,FantasyCalc Redraft Value
Ja'Marr Chase,WR1,WR,CIN,9999,25.4,No,WR1,9999,,WR1,10060,WR1,11140,,WR1,9933,9196
Josh Allen,QB1,QB,BUF,9995,29.2,No,QB1,7796,,QB1,10208,QB1,6045,,QB1,9956,10359
Jayden Daniels,QB2,QB,WAS,9990,24.6,No,QB2,7529,,QB2,9411,QB2,5573,,QB2,9503,9462
Lamar Jackson,QB3,QB,BAL,9753,28.6,No,QB3,7341,,QB3,9411,QB3,5573,,QB3,9301,9927
Justin Jefferson,WR2,WR,MIN,9203,26.1,No,WR2,9965,,WR2,8686,WR2,9619,,WR2,9390,8527
Bijan Robinson,RB1,RB,ATL,8846,23.5,No,RB1,9765,,RB1,7915,RB1,9560,,RB1,9892,8147
Malik Nabers,WR3,WR,NYG,8691,22,No,WR3,9462,,WR3,7927,WR3,8778,,WR4,8780,6550
Jahmyr Gibbs,RB2,RB,DET,8425,23.4,No,RB2,9251,,RB2,7529,RB2,9093,,RB2,9381,7738
Joe Burrow,QB4,QB,CIN,8265,28.6,No,QB4,6426,,QB4,7815,QB4,4628,,QB4,8333,9317
Brock Bowers,TE1,TE,LVR,8197,22.6,No,TE1,8830,,TE1,7541,TE1,7638,,TE1,7963,6495
CeeDee Lamb,WR4,WR,DAL,8191,26.3,No,WR4,8781,,WR4,7309,WR4,8094,,WR3,8867,8067
Ashton Jeanty,RB3,RB,LVR,7809,21.7,Yes,RB3,8405,,RB3,7055,RB3,8521,,RB4,8081,6569
Jalen Hurts,QB5,QB,PHI,7735,27,No,QB5,6336,,QB5,7404,QB5,4384,,QB5,8176,8898
Brian Thomas,WR5,WR,JAC,7723,22.8,No,WR5,8263,,WR5,6524,WR5,7224,,WR5,8144,5420
Puka Nacua,WR6,WR,LAR,7376,24.2,No,WR6,7940,,WR7,6157,WR7,6818,,WR6,8128,5909
Amon-Ra St. Brown,WR7,WR,DET,7339,25.8,No,WR7,7914,,WR6,6345,WR6,7026,,WR7,8073,6932
Drake London,WR8,WR,ATL,6635,24,No,WR8,7274,,WR8,5546,WR8,6141,,WR9,7658,5022
Patrick Mahomes,QB6,QB,KCC,6543,29.9,No,QB6,5513,,QB6,5761,QB6,3411,,QB6,6959,8193
Nico Collins,WR9,WR,HOU,6531,26.4,No,WR9,7242,,WR9,5315,WR9,5886,,WR8,7992,6036
Trey McBride,TE2,TE,ARI,6516,25.7,No,TE2,7121,,TE2,5616,TE2,5688,,TE2,7159,5917
Drake Maye,QB7,QB,NEP,6496,22.9,No,QB7,5414,,QB8,5068,QB8,3001,,QB7,6901,5629
Justin Herbert,QB8,QB,LAC,6445,27.4,No,QB9,5331,,QB9,5038,QB9,2984,,QB9,6879,6990
Saquon Barkley,RB4,RB,PHI,6433,28.5,No,RB4,7077,,RB4,5397,RB4,6518,,RB3,8962,7955
Bo Nix,QB9,QB,DEN,6416,25.4,No,QB8,5376,,QB7,5181,QB7,3068,,QB8,6889,6821
Ladd McConkey,WR10,WR,LAC,6391,23.8,No,WR10,7127,,WR11,4734,WR11,5242,,WR10,7597,3754
De'Von Achane,RB5,RB,MIA,6388,23.8,No,RB5,7050,,RB5,4985,RB5,6021,,RB5,7565,5172
C.J. Stroud,QB10,QB,HOU,6379,23.8,No,QB10,5300,,QB11,4691,QB11,2778,,QB13,6413,5339
Marvin Harrison,WR11,WR,ARI,6376,23,No,WR12,6912,,WR10,4850,WR10,5371,,WR16,6460,3483
Omarion Hampton,RB6,RB,LAC,6358,22.4,Yes,RB6,6992,,RB6,4910,RB6,5931,,RB11,6830,4238
Jaxon Smith-Njigba,WR12,WR,SEA,6353,23.5,No,WR11,6925,,WR12,4538,WR12,5025,,WR12,6719,3321
2025 Early 1st,,PI,,6298,,,,6897,,,,,,,,,
Garrett Wilson,WR13,WR,NYJ,6060,25,No,WR13,6689,,WR14,4130,WR14,4574,,WR14,6578,3505
Caleb Williams,QB11,QB,CHI,6026,23.7,No,QB11,5241,,QB10,4852,QB10,2873,,QB11,6493,5578
Bucky Irving,RB7,RB,TBB,5969,23,No,RB7,6691,,RB7,4347,RB7,5250,,RB7,7174,3760
A.J. Brown,WR14,WR,PHI,5936,28.1,No,WR14,6539,,WR13,4421,WR13,4895,,WR11,7124,5368
2027 Early 1st,,PI,,5894,,,,6534,,,,,,,,,
Jordan Love,QB12,QB,GBP,5817,26.8,No,QB12,4798,,QB12,4279,QB12,2534,,QB10,6501,5653
Tetairoa McMillan,WR15,WR,CAR,5809,22.3,Yes,WR15,6524,,WR15,3995,WR15,4424,,WR15,6554,2082
2026 Early 1st,,PI,,5679,,,,6321,,,,,,,,,
TreVeyon Henderson,RB8,RB,NEP,5567,22.8,Yes,RB8,6313,,RB10,3807,RB10,4598,,RB14,6621,2901
Travis Hunter,WR16,WR,JAC,5567,22.2,Yes,WR17,6287,,WR16,3945,WR16,4369,,WR21,5994,1970
Brock Purdy,QB13,QB,SFO,5531,25.6,No,QB17,4477,,QB17,3859,QB17,2285,,QB17,5748,4553
Tee Higgins,WR17,WR,CIN,5507,26.5,No,WR16,6297,,WR17,3645,WR17,4036,,WR13,6584,3380
J.J. McCarthy,QB14,QB,MIN,5485,22.5,No,QB16,4588,,QB15,3994,QB15,2365,,QB19,5610,3826
Jonathan Taylor,RB9,RB,IND,5434,26.5,No,RB9,6233,,RB8,3946,RB8,4766,,RB9,6967,4965
Cam Ward,QB15,QB,TEN,5426,23.2,Yes,QB15,4599,,,,,,,QB20,5569,
Kyren Williams,RB10,RB,LAR,5405,24.9,No,RB10,6170,,RB13,3561,RB13,4300,,RB10,6830,3466
Baker Mayfield,QB16,QB,TBB,5369,30.3,No,QB13,4671,,QB14,4038,QB14,2391,,QB12,6445,6374
Rashee Rice,WR18,WR,KCC,5332,25.3,No,WR19,6023,,WR18,3477,WR18,3850,,WR20,6073,2635
Emeka Egbuka,WR19,WR,TBB,5330,22.8,Yes,WR18,6120,,WR19,3121,WR19,3456,,WR17,6245,1369
Kyler Murray,QB17,QB,ARI,5301,28,No,QB14,4624,,QB13,4156,QB13,2461,,QB14,6271,5838
2025 Mid 1st,,PI,,5289,,,,5978,,,,,,,,,
Chase Brown,RB11,RB,CIN,5268,25.4,No,RB11,6126,,RB12,3616,RB12,4367,,RB12,6803,3794
Breece Hall,RB12,RB,NYJ,5261,24.2,No,RB12,6060,,RB9,3903,RB9,4714,,RB15,6408,3706
Michael Penix,QB18,QB,ATL,5109,25.2,No,QB19,4237,,QB19,3486,QB19,2065,,QB16,5915,3766
Trevor Lawrence,QB19,QB,JAC,5095,25.8,No,QB18,4242,,QB16,3915,QB16,2318,,QB18,5723,4725
Sam LaPorta,TE3,TE,DET,5066,24.6,No,TE3,5873,,TE3,3649,TE3,3696,,TE4,6041,2499
DeVonta Smith,WR20,WR,PHI,5054,26.7,No,WR21,5813,,WR21,3016,WR21,3340,,WR18,6200,2401
Rome Odunze,WR21,WR,CHI,5052,23.2,No,WR20,5946,,WR20,3062,WR20,3391,,WR30,5576,1409
Josh Jacobs,RB13,RB,GBP,4938,27.5,No,RB13,5817,,RB15,3305,RB15,3991,,RB13,6664,4138
2027 Mid 1st,,PI,,4917,,,,5598,,,,,,,,,
Christian McCaffrey,RB14,RB,SFO,4916,29.2,No,RB15,5757,,RB11,3635,RB11,4390,,RB6,7232,5503
2026 Mid 1st,,PI,,4848,,,,5582,,,,,,,,,
Kenneth Walker,RB15,RB,SEA,4814,24.8,No,RB14,5778,,RB17,2896,RB17,3497,,RB16,6106,2249
Bryce Young,QB20,QB,CAR,4793,24,No,QB20,3953,,QB22,2977,QB22,1763,,QB23,5181,2508
Derrick Henry,RB16,RB,BAL,4786,31.6,No,RB17,5626,,RB14,3364,RB14,4063,,RB8,7074,5990
Jameson Williams,WR22,WR,DET,4782,24.4,No,WR22,5722,,WR22,2800,WR22,3101,,WR24,5750,1431
Tyler Warren,TE4,TE,IND,4782,23.2,Yes,TE4,5635,,TE4,3362,TE4,3405,,TE6,5323,1669
Kaleb Johnson,RB17,RB,PIT,4687,22,Yes,RB16,5735,,RB18,2795,RB18,3375,,RB21,5558,1255
James Cook,RB18,RB,BUF,4676,25.9,No,RB18,5581,,RB16,3117,RB16,3764,,RB18,5956,3083
2025 Late 1st,,PI,,4659,,,,5514,,,,,,,,,
George Pickens,WR23,WR,DAL,4633,24.4,No,WR25,5483,,WR30,2527,WR30,2799,,WR33,5436,1098
Colston Loveland,TE5,TE,CHI,4613,21.3,Yes,TE5,5496,,TE5,3005,TE5,3044,,TE7,5248,761
Xavier Worthy,WR24,WR,KCC,4606,22.3,No,WR23,5504,,WR23,2791,WR23,3090,,WR23,5765,829
DK Metcalf,WR25,WR,PIT,4589,27.6,No,WR24,5486,,WR24,2787,WR24,3086,,WR26,5667,2288
RJ Harvey,RB19,RB,DEN,4578,24.5,Yes,RB19,5498,,RB19,2772,RB19,3348,,RB20,5653,1927
Zay Flowers,WR26,WR,BAL,4539,24.9,No,WR27,5389,,WR29,2538,WR29,2811,,WR32,5499,1240
Jordan Addison,WR27,WR,MIN,4521,23.5,No,WR26,5405,,WR27,2553,WR27,2827,,WR37,5087,889
Dak Prescott,QB21,QB,DAL,4520,32,No,QB21,3937,,QB21,3151,QB21,1866,,QB15,5979,4840
Jaylen Waddle,WR28,WR,MIA,4487,26.7,No,WR29,5359,,WR26,2641,WR26,2925,,WR34,5383,1779
George Kittle,TE6,TE,SFO,4487,31.8,No,TE6,5350,,TE6,2834,TE6,2871,,TE3,6364,3541
Jared Goff,QB22,QB,DET,4485,30.8,No,QB23,3689,,QB20,3294,QB20,1951,,QB21,5447,4869
2026 Late 1st,,PI,,4476,,,,5364,,,,,,,,,
Matthew Golden,WR29,WR,GBP,4474,22,Yes,WR28,5360,,WR32,2474,WR32,2740,,WR39,4930,505
2027 Late 1st,,PI,,4470,,,,5340,,,,,,,,,
DJ Moore,WR30,WR,CHI,4368,28.3,No,WR30,5265,,WR28,2550,WR28,2823,,WR27,5663,2032
Chris Olave,WR31,WR,NOS,4304,25.1,No,WR31,5248,,WR33,2395,WR33,2652,,WR31,5518,1091
Terry McLaurin,WR32,WR,WAS,4275,29.9,No,WR32,5207,,WR25,2708,WR25,2998,,WR28,5600,2894
Ricky Pearsall,WR33,WR,SFO,4238,24.9,No,WR33,5111,,WR34,2281,WR34,2526,,WR36,5131,876
Chuba Hubbard,RB20,RB,CAR,4230,26.2,No,RB20,5226,,RB21,2376,RB21,2870,,RB17,5992,1805
Quinshon Judkins,RB21,RB,CLE,4057,21.8,Yes,RB21,4992,,RB20,2656,RB20,3208,,RB36,4094,1011
Jaxson Dart,QB23,QB,NYG,4030,22.2,Yes,QB24,3555,,QB24,2494,QB24,1477,,QB28,3864,1428
Courtland Sutton,WR34,WR,DEN,3932,29.8,No,WR34,4808,,WR37,2070,WR37,2293,,WR29,5582,1607
Tyreek Hill,WR35,WR,MIA,3901,31.4,No,WR36,4726,,WR31,2475,WR31,2741,,WR25,5715,2849
Luther Burden,WR36,WR,CHI,3885,21.6,Yes,WR35,4795,,WR40,2001,WR40,2216,,WR49,4458,211
T.J. Hockenson,TE7,TE,MIN,3867,28.1,No,TE7,4670,,TE7,2441,TE7,2473,,TE5,5417,1731
Mike Evans,WR37,WR,TBB,3803,32,No,WR37,4721,,WR36,2198,WR36,2434,,WR19,6075,2310
Jayden Higgins,WR38,WR,HOU,3772,22.6,Yes,WR39,4710,,WR38,2063,WR38,2285,,WR53,4204,333
2025 Early 2nd,,PI,,3767,,,,4497,,,,,,,,,
Justin Fields,QB24,QB,NYJ,3767,26.4,No,QB22,3698,,QB23,2606,QB23,1543,,QB22,5195,2360
Tua Tagovailoa,QB25,QB,MIA,3762,27.4,No,QB25,3387,,QB25,2442,QB25,1446,,QB24,4967,2227
Jerry Jeudy,WR39,WR,CLE,3760,26.3,No,WR38,4711,,WR39,2029,WR39,2247,,WR41,4802,818
Josh Downs,WR40,WR,IND,3719,24,No,WR40,4651,,WR41,1889,WR41,2092,,WR38,5020,362
Davante Adams,WR41,WR,LAR,3638,32.6,No,WR42,4508,,WR35,2207,WR35,2444,,WR22,5812,2508
Alvin Kamara,RB22,RB,NOS,3628,30,No,RB22,4547,,RB22,2297,RB22,2774,,RB19,5700,2844
Jayden Reed,WR42,WR,GBP,3628,25.3,No,WR41,4523,,WR44,1794,WR44,1986,,WR42,4787,422
Cam Skattebo,RB23,RB,NYG,3562,23.5,Yes,RB23,4461,,RB23,1887,RB23,2279,,RB32,4246,525
David Montgomery,RB24,RB,DET,3527,28.2,No,RB24,4356,,RB25,1854,RB25,2239,,RB24,4962,1421
Brandon Aiyuk,WR43,WR,SFO,3486,27.4,No,WR43,4382,,WR42,1842,WR42,2040,,WR47,4595,749
Tre' Harris,WR44,WR,LAC,3483,23.4,Yes,WR44,4368,,WR43,1817,WR43,2012,,WR50,4437,264
Tucker Kraft,TE8,TE,GBP,3472,24.8,No,TE8,4202,,TE8,2031,TE8,2057,,TE9,4767,532
Sam Darnold,QB26,QB,SEA,3468,28.2,No,QB28,2982,,QB27,2009,QB27,1190,,QB26,4503,1575
Keon Coleman,WR45,WR,BUF,3439,22.2,No,WR46,4238,,WR48,1708,WR48,1891,,WR52,4305,132
Khalil Shakir,WR46,WR,BUF,3427,25.5,No,WR45,4272,,WR46,1712,WR46,1896,,WR46,4598,381
2026 Early 2nd,,PI,,3422,,,,4215,,,,,,,,,
Isiah Pacheco,RB25,RB,KCC,3326,26.4,No,RB25,4255,,RB26,1815,RB26,2193,,RB25,4927,976
D'Andre Swift,RB26,RB,CHI,3271,26.6,No,RB28,4156,,RB24,1875,RB24,2265,,RB23,4976,1112
2025 Mid 2nd,,PI,,3265,,,,3950,,,,,,,,,
James Conner,RB27,RB,ARI,3252,30.2,No,RB27,4186,,RB27,1797,RB27,2171,,RB22,5124,1704
Chris Godwin,WR47,WR,TBB,3251,29.4,No,WR47,4089,,WR45,1761,WR45,1950,,WR48,4594,997
2027 Early 2nd,,PI,,3248,,,,4022,,,,,,,,,
Trey Benson,RB28,RB,ARI,3241,23,No,RB26,4206,,RB34,1552,RB34,1875,,RB33,4213,227
Dalton Kincaid,TE9,TE,BUF,3240,25.8,No,TE11,3919,,TE10,1901,TE10,1925,,TE14,4096,547
Zach Charbonnet,RB29,RB,SEA,3237,24.6,No,RB29,4147,,RB29,1718,RB29,2075,,RB30,4382,508
Jakobi Meyers,WR48,WR,LVR,3236,28.7,No,WR48,4052,,WR49,1665,WR49,1844,,WR40,4854,699
Kyle Pitts,TE10,TE,ATL,3216,24.8,No,TE9,4010,,TE9,2012,TE9,2038,,TE16,4022,525
Kyle Williams,WR49,WR,NEP,3194,22.7,Yes,WR49,3933,,WR54,1536,WR54,1701,,,,99
Calvin Ridley,WR50,WR,TEN,3183,30.6,No,WR51,3875,,WR47,1712,WR47,1895,,WR35,5237,1120
Anthony Richardson,QB27,QB,IND,3180,23.2,No,QB27,3115,,QB26,2118,QB26,1254,,QB27,4022,1038
Michael Pittman,WR51,WR,IND,3150,27.8,No,WR50,3891,,WR50,1611,WR50,1783,,WR43,4717,526
Tyrone Tracy,RB30,RB,NYG,3132,25.7,No,RB31,3933,,RB32,1594,RB32,1925,,RB31,4304,523
Isaiah Likely,TE11,TE,BAL,3131,25.3,No,TE10,3954,,TE14,1674,TE14,1696,,TE15,4045,314
David Njoku,TE12,TE,CLE,3115,29.1,No,TE13,3740,,TE11,1840,TE11,1864,,TE8,4848,985
Brian Robinson,RB31,RB,WAS,3104,26.4,No,RB30,3990,,RB30,1678,RB30,2026,,RB27,4685,719
2026 Mid 2nd,,PI,,3103,,,,3748,,,,,,,,,
Mark Andrews,TE13,TE,BAL,3096,29.9,No,TE12,3750,,TE12,1835,TE12,1858,,TE11,4474,1131
Tank Bigsby,RB32,RB,JAC,3095,23.9,No,RB32,3896,,RB39,1399,RB39,1689,,RB38,4016,142
Jordan Mason,RB33,RB,MIN,3077,26.2,No,RB34,3825,,RB33,1555,RB33,1878,,RB29,4508,542
Geno Smith,QB28,QB,LVR,3069,34.8,No,QB30,2662,,QB28,1839,QB28,1089,,,,2068
Jauan Jennings,WR52,WR,SFO,3061,28.1,No,WR52,3753,,WR53,1544,WR53,1710,,,,475
2027 Mid 2nd,,PI,,3056,,,,3641,,,,,,,,,
Travis Etienne,RB34,RB,JAC,3026,26.5,No,RB35,3757,,RB31,1657,RB31,2002,,RB34,4115,713
Joe Mixon,RB35,RB,HOU,3022,29,No,RB33,3830,,RB28,1781,RB28,2151,,RB26,4820,1460
Jalen Milroe,QB29,QB,SEA,3008,22.6,Yes,QB26,3196,,QB30,1691,QB30,1001,,QB30,3433,434
Jack Bech,WR53,WR,LVR,3001,22.6,Yes,WR53,3744,,WR56,1414,WR56,1566,,,,58
Aaron Jones,RB36,RB,MIN,2995,30.7,No,RB40,3633,,RB37,1455,RB37,1757,,RB28,4612,1084
Braelon Allen,RB37,RB,NYJ,2993,21.5,No,RB39,3638,,RB44,1347,RB44,1626,,RB44,3659,59
Tony Pollard,RB38,RB,TEN,2985,28.3,No,RB38,3648,,RB35,1545,RB35,1866,,RB37,4075,828
2025 Late 2nd,,PI,,2984,,,,3735,,,,,,,,,
Jake Ferguson,TE14,TE,DAL,2984,26.5,No,TE14,3694,,TE18,1496,TE18,1515,,TE13,4247,280
Tyjae Spears,RB39,RB,TEN,2953,24.1,No,RB36,3716,,RB38,1407,RB38,1700,,RB40,3971,222
Matthew Stafford,QB30,QB,LAR,2938,37.5,No,QB29,2739,,QB29,1739,QB29,1030,,QB25,4528,2178
Dylan Sampson,RB40,RB,CLE,2930,20.9,Yes,RB37,3654,,RB43,1350,RB43,1630,,RB47,3585,36
Jaylin Noel,WR54,WR,HOU,2925,22.9,Yes,WR54,3688,,WR63,1209,WR63,1339,,WR98,2067,9
Jalen McMillan,WR55,WR,TBB,2897,23.7,No,WR55,3603,,WR58,1303,WR58,1443,,WR57,3612,60
Evan Engram,TE15,TE,DEN,2881,30.9,No,TE16,3514,,TE16,1612,TE16,1633,,TE12,4346,873
Mason Taylor,TE16,TE,NYJ,2880,21.2,Yes,TE15,3632,,TE15,1660,TE15,1681,,TE18,3579,67
Deebo Samuel,WR56,WR,WAS,2873,29.6,No,WR56,3555,,WR51,1594,WR51,1765,,WR51,4429,708
Bhayshul Tuten,RB41,RB,JAC,2872,22.5,Yes,RB42,3607,,RB41,1365,RB41,1649,,,,156
Jaylen Warren,RB42,RB,PIT,2870,26.8,No,RB43,3581,,RB42,1362,RB42,1645,,RB41,3908,391
2026 Late 2nd,,PI,,2859,,,,3461,,,,,,,,,
Jaydon Blue,RB43,RB,DAL,2853,21.6,Yes,RB41,3610,,RB40,1394,RB40,1684,,,,74
Stefon Diggs,WR57,WR,NEP,2853,31.7,No,WR57,3516,,WR55,1501,WR55,1662,,WR44,4716,863
Marvin Mims,WR58,WR,DEN,2811,23.4,No,WR58,3472,,WR62,1240,WR62,1373,,WR60,3512,33
Elijah Arroyo,TE17,TE,SEA,2804,22.3,Yes,TE18,3431,,TE17,1546,TE17,1566,,TE17,3669,80
Travis Kelce,TE18,TE,KCC,2800,35.8,No,TE17,3432,,TE13,1718,TE13,1741,,TE10,4570,1832
2027 Late 2nd,,PI,,2790,,,,3388,,,,,,,,,
Rashid Shaheed,WR59,WR,NOS,2787,26.9,No,WR59,3461,,WR59,1291,WR59,1430,,WR54,4062,194
Jaylen Wright,RB44,RB,MIA,2758,22.3,No,RB44,3419,,RB50,1198,RB50,1447,,RB42,3838,44
Cedric Tillman,WR60,WR,CLE,2757,25.3,No,WR63,3368,,WR64,1183,WR64,1310,,WR58,3563,72
Darnell Mooney,WR61,WR,ATL,2756,27.8,No,WR60,3447,,WR57,1324,WR57,1467,,WR55,3984,258
Ray Davis,RB46,RB,BUF,2756,25.7,No,RB45,3415,,RB49,1201,RB49,1451,,RB45,3646,191
J.K. Dobbins,RB45,RB,DEN,2756,26.6,No,RB46,3402,,RB36,1520,RB36,1836,,RB39,3978,554
Brenton Strange,TE19,TE,JAC,2736,24.6,No,TE20,3310,,TE20,1288,TE20,1304,,,,79
Terrance Ferguson,TE20,TE,LAR,2734,22.4,Yes,TE19,3343,,TE19,1302,TE19,1318,,TE22,3361,15
Xavier Legette,WR62,WR,CAR,2733,24.5,No,WR62,3374,,WR61,1263,WR61,1399,,WR61,3503,75
Rashod Bateman,WR63,WR,BAL,2711,25.7,No,WR61,3376,,WR68,1135,WR68,1257,,WR59,3520,67
Isaac Guerendo,RB47,RB,SFO,2708,25.1,No,RB47,3320,,RB51,1193,RB51,1441,,,,151
Cooper Kupp,WR64,WR,SEA,2697,32.1,No,WR64,3349,,WR52,1557,WR52,1725,,WR45,4659,1065
DeMario Douglas,WR65,WR,NEP,2643,24.6,No,WR65,3174,,,,,,,,,
Javonte Williams,RB48,RB,DAL,2625,25.3,No,RB48,3219,,RB46,1283,RB46,1549,,RB35,4106,216
Jalen Royals,WR66,WR,KCC,2609,22.5,Yes,WR68,3068,,WR67,1150,WR67,1274,,WR74,2963,
Rachaad White,RB49,RB,TBB,2605,26.6,No,RB49,3188,,RB48,1237,RB48,1493,,RB48,3532,261
Rhamondre Stevenson,RB50,RB,NEP,2571,27.4,No,RB50,3156,,RB47,1247,RB47,1506,,RB46,3626,337
Tyler Shough,QB31,QB,NOS,2562,25.8,Yes,QB32,2125,,QB31,1431,QB31,847,,QB33,3088,408
Romeo Doubs,WR67,WR,GBP,2544,25.3,No,WR69,3029,,WR77,986,WR77,1091,,WR62,3382,4
Pat Bryant,WR68,WR,DEN,2541,22.6,Yes,WR66,3126,,WR66,1166,WR66,1291,,,,
Adonai Mitchell,WR69,WR,IND,2539,22.8,No,WR67,3102,,WR65,1178,WR65,1304,,WR72,2980,
Tank Dell,WR70,WR,HOU,2528,25.8,No,WR71,2964,,WR70,1107,WR70,1226,,WR89,2332,
2025 Early 3rd,,PI,,2524,,,,2967,,,,,,,,,
Cade Otton,TE21,TE,TBB,2519,26.3,No,TE22,2952,,TE23,1243,TE23,1259,,TE19,3440,122
Harold Fannin,TE22,TE,CLE,2506,21,Yes,TE21,2967,,TE24,1118,TE24,1133,,TE31,2734,
DJ Giddens,RB51,RB,IND,2504,21.9,Yes,RB53,3005,,RB53,1146,RB53,1384,,,,12
Dallas Goedert,TE23,TE,PHI,2501,30.6,No,TE23,2920,,TE21,1252,TE21,1268,,TE20,3430,348
Tyler Allgeier,RB52,RB,ATL,2495,25.3,No,RB52,3018,,RB52,1186,RB52,1432,,RB51,3288,157
Najee Harris,RB53,RB,LAC,2492,27.4,No,RB51,3026,,RB45,1324,RB45,1599,,RB43,3671,409
Ben Sinnott,TE24,TE,WAS,2463,23.1,No,TE24,2879,,TE28,1075,TE28,1088,,,,
Shedeur Sanders,QB32,QB,CLE,2462,23.5,Yes,QB31,2245,,QB35,1192,QB35,706,,QB34,2918,131
Pat Freiermuth,TE25,TE,PIT,2452,26.8,No,TE26,2747,,TE26,1099,TE26,1113,,TE26,3062,75
Quentin Johnston,WR71,WR,LAC,2449,23.9,No,WR73,2860,,WR71,1101,WR71,1219,,WR66,3131,5
Wan'Dale Robinson,WR72,WR,NYG,2440,24.6,No,WR72,2889,,WR75,1043,WR75,1154,,WR64,3247,5
Jalen Coker,WR73,WR,CAR,2418,23.8,No,WR70,3000,,WR81,904,WR81,1001,,,,
2026 Early 3rd,,PI,,2411,,,,2757,,,,,,,,,
Jonnu Smith,TE26,TE,PIT,2391,30,No,TE25,2775,,TE22,1251,TE22,1267,,TE21,3373,306
2025 Mid 3rd,,PI,,2377,,,,2707,,,,,,,,,
Daniel Jones,QB33,QB,IND,2377,28.2,No,QB33,1931,,QB32,1294,QB32,767,,QB32,3287,401
Jonathon Brooks,RB54,RB,CAR,2366,22,No,RB54,2874,,RB54,1132,RB54,1368,,RB75,1876,
Dont'e Thornton,WR74,WR,LVR,2356,22.7,Yes,WR74,2769,,WR69,1120,WR69,1240,,,,
Tahj Brooks,RB55,RB,CIN,2313,23.2,Yes,RB61,2645,,RB62,939,RB62,1135,,,,
Ja'Tavion Sanders,TE27,TE,CAR,2306,22.4,No,TE27,2736,,TE25,1102,TE25,1116,,TE30,2768,
Christian Kirk,WR75,WR,HOU,2296,28.7,No,WR75,2767,,WR74,1060,WR74,1174,,WR56,3628,130
Roschon Johnson,RB56,RB,CHI,2295,24.5,No,RB58,2768,,RB57,1014,RB57,1224,,RB52,3227,47
Trevor Etienne,RB57,RB,CAR,2291,21.1,Yes,RB57,2776,,RB76,587,RB76,709,,RB49,3480,
Christian Watson,WR76,WR,GBP,2284,26.2,No,WR77,2658,,WR87,740,WR87,819,,WR73,2966,
Devin Neal,RB58,RB,NOS,2280,22,Yes,RB56,2846,,RB71,747,RB71,902,,RB56,2874,
Brashard Smith,RB59,RB,KCC,2279,22.3,Yes,RB59,2692,,RB68,887,RB68,1071,,,,
Elic Ayomanor,WR77,WR,TEN,2272,22.2,Yes,WR76,2739,,WR84,791,WR84,876,,WR68,3113,
Jarquez Hunter,RB60,RB,LAR,2256,22.6,Yes,RB55,2865,,RB61,976,RB61,1179,,,,
2027 Early 3rd,,PI,,2216,,,,2628,,,,,,,,,
Alec Pierce,WR78,WR,IND,2203,25.3,No,WR82,2573,,WR86,761,WR86,842,,WR71,3048,
Blake Corum,RB61,RB,LAR,2198,24.7,No,RB60,2668,,RB59,993,RB59,1199,,RB58,2857,45
2026 Mid 3rd,,PI,,2183,,,,2467,,,,,,,,,
Tory Horton,WR79,WR,SEA,2179,22.7,Yes,WR84,2499,,WR72,1088,WR72,1205,,,,
Roman Wilson,WR80,WR,PIT,2169,24.1,No,WR80,2578,,WR83,807,WR83,893,,WR69,3058,
Marquise Brown,WR81,WR,KCC,2151,28.2,No,WR78,2646,,,,,,,WR63,3259,
Isaac TeSlaa,WR82,WR,DET,2143,23.4,Yes,WR81,2575,,WR73,1064,WR73,1178,,,,
Jerome Ford,RB62,RB,CLE,2136,25.9,No,RB64,2530,,RB58,1004,RB58,1213,,RB50,3356,86
Jordan James,RB63,RB,SFO,2135,21.4,Yes,RB62,2602,,RB66,888,RB66,1073,,RB53,3186,
Woody Marks,RB64,RB,HOU,2128,24.6,Yes,RB65,2470,,RB60,984,RB60,1189,,,,39
MarShawn Lloyd,RB65,RB,GBP,2124,24.6,No,RB63,2542,,RB70,833,RB70,1005,,RB57,2868,
2025 Late 3rd,,PI,,2113,,,,2474,,,,,,,,,
Dontayvion Wicks,WR83,WR,GBP,2103,24.1,No,WR83,2526,,WR82,808,WR82,894,,,,
Jacory Croskey-Merritt,RB66,RB,WAS,2095,24.3,Yes,RB70,2309,,RB55,1083,RB55,1308,,,,67
Joshua Palmer,WR84,WR,BUF,2093,25.9,No,WR85,2398,,WR78,976,WR78,1081,,WR67,3124,14
Troy Franklin,WR85,WR,DEN,2086,22.5,No,WR79,2608,,WR85,784,WR85,869,,WR85,2505,
Cole Kmet,TE28,TE,CHI,2037,26.4,No,TE30,2325,,TE33,874,TE33,885,,TE36,2600,
Chig Okonkwo,TE29,TE,TEN,2032,25.9,No,TE28,2439,,,,,,,TE32,2698,
Russell Wilson,QB34,QB,NYG,2026,36.7,No,QB36,1645,,QB33,1263,QB33,748,,QB31,3301,962
Ollie Gordon,RB67,RB,MIA,2025,21.6,Yes,RB66,2470,,RB74,633,RB74,765,,RB61,2771,
Joe Milton,QB35,QB,DAL,2020,25.4,No,QB34,1875,,QB36,1067,QB36,632,,,,119
Kyle Monangai,RB68,RB,CHI,2019,23.2,Yes,RB67,2409,,RB69,853,RB69,1031,,,,
2027 Mid 3rd,,PI,,2019,,,,2368,,,,,,,,,
Theo Johnson,TE30,TE,NYG,2008,24.4,No,TE29,2356,,TE32,913,TE32,924,,,,
2026 Late 3rd,,PI,,1987,,,,2253,,,,,,,,,
Kendre Miller,RB69,RB,NOS,1974,23.2,No,RB71,2279,,RB72,735,RB72,887,,RB60,2775,
Rico Dowdle,RB70,RB,CAR,1970,27.1,No,RB69,2309,,RB65,902,RB65,1089,,,,74
Will Howard,QB36,QB,PIT,1970,23.9,Yes,QB35,1648,,QB38,702,QB38,416,,QB40,2016,
KeAndre Lambert-Smith,WR86,WR,LAC,1956,23.8,Yes,WR90,2126,,WR76,997,WR76,1104,,,,
Keaton Mitchell,RB71,RB,BAL,1942,23.6,No,RB68,2349,,RB67,888,RB67,1072,,,,
Jaylin Lane,WR87,WR,WAS,1925,23.3,Yes,WR88,2187,,WR88,673,WR88,745,,,,
Nick Chubb,RB72,RB,HOU,1921,29.6,No,RB72,2150,,RB56,1035,RB56,1250,,RB54,3165,268
Michael Wilson,WR88,WR,ARI,1920,25.4,No,WR86,2328,,WR90,612,WR90,678,,,,
Oronde Gadsden,TE31,TE,LAC,1917,22.1,Yes,TE31,2269,,TE34,789,TE34,799,,,,
Kayshon Boutte,WR89,WR,NEP,1916,23.2,No,WR87,2193,,WR92,549,WR92,608,,WR75,2826,
Dalton Schultz,TE32,TE,HOU,1912,29.1,No,TE32,2235,,TE36,728,TE36,737,,TE25,3102,
Hunter Henry,TE33,TE,NEP,1906,30.7,No,TE36,2129,,TE30,981,TE30,994,,TE23,3256,132
Michael Mayer,TE34,TE,LVR,1896,24.1,No,TE35,2180,,TE37,613,TE37,621,,TE37,2545,
2027 Late 3rd,,PI,,1896,,,,2102,,,,,,,,,
Noah Gray,TE35,TE,KCC,1887,26.3,No,TE34,2182,,TE38,548,TE38,555,,TE35,2628,
Luke Musgrave,TE36,TE,GBP,1886,24.9,No,TE37,2122,,TE44,241,TE44,244,,TE34,2647,
Austin Ekeler,RB73,RB,WAS,1876,30.2,No,RB75,2104,,RB63,937,RB63,1132,,RB55,2991,213
Keenan Allen,WR90,WR,FA,1872,33.3,No,WR89,2126,,WR80,918,WR80,1016,,WR86,2420,202
Dillon Gabriel,QB37,QB,CLE,1872,24.6,Yes,QB37,1571,,QB43,386,QB43,229,,QB36,2309,
Mike Gesicki,TE37,TE,CIN,1868,29.8,No,TE33,2195,,TE31,922,TE31,933,,TE28,2858,77
Aaron Rodgers,QB38,QB,PIT,1863,41.7,No,QB39,1420,,QB34,1215,QB34,719,,QB29,3531,1274
Tre Tucker,WR91,WR,LVR,1833,24.4,No,WR93,2065,,WR113,244,WR113,270,,,,
Andrei Iosivas,WR92,WR,CIN,1825,25.8,No,WR91,2101,,WR108,346,WR108,383,,,,
Will Shipley,RB74,RB,PHI,1804,22.9,No,RB73,2118,,RB64,909,RB64,1097,,RB65,2508,
Spencer Rattler,QB39,QB,NOS,1803,24.8,No,QB40,1292,,QB39,669,QB39,396,,QB38,2103,
Jordan Whittington,WR94,WR,LAR,1798,24.8,No,WR92,2090,,WR111,304,WR111,336,,,,
Elijah Moore,WR93,WR,BUF,1798,25.4,No,WR96,2037,,WR103,375,WR103,415,,WR76,2803,
Sean Tucker,RB75,RB,TBB,1797,23.8,No,RB76,2089,,RB77,539,RB77,651,,RB64,2538,
Dyami Brown,WR95,WR,JAC,1796,25.8,No,WR99,1979,,WR106,362,WR106,400,,WR87,2392,
Xavier Restrepo,WR96,WR,TEN,1781,23.3,Yes,WR94,2059,,WR99,414,WR99,459,,WR78,2598,
Audric Estime,RB76,RB,DEN,1775,21.9,No,RB74,2105,,RB80,445,RB80,538,,RB66,2474,
Calvin Austin III,WR97,WR,PIT,1762,26.4,No,WR98,1986,,WR93,507,WR93,562,,WR79,2573,
Isaiah Davis,RB77,RB,NYJ,1761,23.4,No,RB78,1965,,RB78,479,RB78,579,,,,
Damien Martinez,RB78,RB,SEA,1753,21.5,Yes,RB77,2042,,RB83,333,RB83,402,,RB70,2077,
Luke McCaffrey,WR98,WR,WAS,1746,24.3,No,WR100,1966,,WR101,409,WR101,453,,WR82,2537,
Savion Williams,WR99,WR,GBP,1744,23.7,Yes,WR95,2054,,WR94,434,WR94,481,,,,
Zach Ertz,TE38,TE,WAS,1742,34.7,No,TE38,1918,,TE29,1004,TE29,1017,,TE24,3119,319
Quinn Ewers,QB40,QB,MIA,1734,22.2,Yes,QB38,1545,,QB41,494,QB41,292,,QB41,1982,
2025 Early 4th,,PI,,1725,,,,1997,,,,,,,,,
Malik Washington,WR100,WR,MIA,1721,24.6,No,WR97,2010,,WR117,204,WR117,226,,,,
AJ Barner,TE39,TE,SEA,1695,23.2,No,TE39,1832,,TE39,420,TE39,425,,,,
Jermaine Burton,WR101,WR,CIN,1678,24.1,No,WR101,1900,,WR104,370,WR104,409,,WR91,2277,
Chimere Dike,WR102,WR,TEN,1670,23.6,Yes,WR105,1879,,WR105,363,WR105,402,,,,
2026 Early 4th,,PI,,1669,,,,1892,,,,,,,,,
Jimmy Horn,WR103,WR,CAR,1667,22.9,Yes,WR102,1896,,WR96,432,WR96,478,,,,
Jalen Nailor,WR104,WR,MIN,1663,26.4,No,WR104,1885,,WR100,411,WR100,456,,,,
2025 Mid 4th,,PI,,1651,,,,1862,,,,,,,,,
Darius Slayton,WR105,WR,NYG,1642,28.6,No,WR109,1822,,WR110,320,WR110,355,,WR77,2718,
Gunnar Helm,TE40,TE,TEN,1641,22.9,Yes,TE40,1816,,TE41,350,TE41,355,,TE40,1904,
2027 Early 4th,,PI,,1636,,,,1821,,,,,,,,,
Jalin Hyatt,WR106,WR,NYG,1623,23.9,No,WR106,1864,,WR126,130,WR126,144,,WR96,2128,
Devaughn Vele,WR107,WR,DEN,1619,27.6,No,WR112,1814,,WR114,240,WR114,266,,,,
Juwan Johnson,TE41,TE,NOS,1610,28.9,No,TE43,1652,,TE42,343,TE42,347,,,,
2026 Mid 4th,,PI,,1609,,,,1756,,,,,,,,,
Tai Felton,WR108,WR,MIN,1608,22.4,Yes,WR108,1841,,WR98,416,WR98,460,,,,
Jaleel McLaughlin,RB79,RB,DEN,1603,24.9,No,RB80,1812,,RB87,293,RB87,354,,,,
Adam Thielen,WR109,WR,CAR,1593,35,No,WR116,1702,,WR91,552,WR91,612,,WR70,3056,
Ja'Lynn Polk,WR110,WR,NEP,1591,23.3,No,WR103,1886,,WR102,396,WR102,439,,WR104,1707,
Jacob Cowing,WR111,WR,SFO,1591,24.5,No,WR107,1852,,WR112,257,WR112,284,,WR114,1335,
Miles Sanders,RB80,RB,DAL,1581,28.3,No,RB79,1819,,RB73,661,RB73,798,,RB59,2779,
Elijah Mitchell,RB81,RB,KCC,1576,27.3,No,RB81,1793,,RB82,351,RB82,424,,RB63,2550,
DeAndre Hopkins,WR112,WR,BAL,1563,33.2,No,WR114,1744,,WR89,636,WR89,704,,WR65,3139,10
Justice Hill,RB82,RB,BAL,1556,27.7,No,RB82,1783,,RB81,388,RB81,468,,,,
Tutu Atwell,WR113,WR,LAR,1553,25.8,No,WR110,1818,,WR122,157,WR122,174,,WR90,2288,
Kirk Cousins,QB41,QB,ATL,1553,37,No,QB42,1166,,QB40,536,QB40,317,,QB35,2332,
Dawson Knox,TE42,TE,BUF,1536,28.7,No,TE41,1728,,TE49,120,TE49,121,,TE33,2655,
2025 Late 4th,,PI,,1535,,,,1836,,,,,,,,,
Parker Washington,WR114,WR,JAC,1529,23.4,No,WR111,1816,,WR135,97,WR135,107,,WR94,2194,
2027 Mid 4th,,PI,,1521,,,,1606,,,,,,,,,
Noah Fant,TE43,TE,CIN,1478,27.7,No,TE46,1534,,TE40,394,TE40,399,,TE38,2363,
Tez Johnson,WR115,WR,TBB,1458,23.2,Yes,WR115,1710,,WR118,178,WR118,197,,,,
Malik Willis,QB42,QB,GBP,1436,26.2,No,QB43,1074,,QB46,290,QB46,172,,QB39,2028,
Javon Baker,WR116,WR,NEP,1434,23.5,No,WR113,1765,,WR130,118,WR130,131,,,,
Joe Flacco,QB43,QB,CLE,1428,40.6,No,QB47,865,,QB37,813,QB37,481,,,,296
Jalen Tolbert,WR117,WR,DAL,1427,26.4,No,WR119,1648,,WR116,209,WR116,231,,WR102,1930,
Dameon Pierce,RB83,RB,HOU,1421,25.4,No,RB89,1517,,RB79,472,RB79,570,,RB71,2049,
Trey Palmer,WR118,WR,TBB,1415,24.3,No,WR117,1679,,WR146,37,WR146,41,,,,
Kareem Hunt,RB84,RB,KCC,1413,30,No,RB83,1626,,RB75,595,RB75,719,,RB62,2636,
Tyler Lockett,WR119,WR,TEN,1413,32.8,No,WR121,1568,,WR107,352,WR107,389,,WR81,2552,
Cade Stover,TE44,TE,HOU,1409,25.2,No,TE42,1685,,TE45,232,TE45,235,,TE42,1431,
2026 Late 4th,,PI,,1384,,,,1594,,,,,,,,,
Luke Schoonmaker,TE45,TE,DAL,1377,26.8,No,TE44,1555,,TE51,111,TE51,112,,,,
Darren Waller,TE46,TE,MIA,1370,32.9,No,TE47,1487,,TE35,736,TE35,745,,TE27,3060,48
Sam Howell,QB44,QB,MIN,1364,24.9,No,QB44,1053,,QB48,269,QB48,159,,QB44,1475,
Jahan Dotson,WR120,WR,PHI,1356,25.4,No,WR120,1624,,WR131,113,WR131,126,,WR99,2064,
Malachi Corley,WR121,WR,NYJ,1350,23.4,No,WR118,1660,,WR121,161,WR121,178,,WR107,1607,
Kimani Vidal,RB85,RB,LAC,1348,23.9,No,RB84,1620,,RB96,148,RB96,179,,,,
Emanuel Wilson,RB86,RB,GBP,1343,26.2,No,RB86,1588,,RB90,185,RB90,224,,,,
Jameis Winston,QB45,QB,NYG,1340,31.6,No,QB41,1212,,QB49,227,QB49,134,,QB37,2163,
LeQuint Allen,RB87,RB,JAC,1335,21,Yes,RB85,1604,,RB88,222,RB88,268,,,,
Jordan Watkins,WR122,WR,SFO,1330,23.5,Yes,WR124,1475,,WR124,150,WR124,166,,,,
Raheim Sanders,RB88,RB,LAC,1321,23.2,Yes,RB90,1476,,RB93,157,RB93,189,,,,
Devontez Walker,WR123,WR,BAL,1315,24.1,No,WR123,1537,,WR140,55,WR140,61,,WR119,1331,
Phil Mafah,RB89,RB,DAL,1314,22.8,Yes,RB88,1523,,RB85,320,RB85,387,,,,
2027 Late 4th,,PI,,1314,,,,1450,,,,,,,,,
Diontae Johnson,WR124,WR,CLE,1310,29.1,No,WR130,1395,,WR109,344,WR109,381,,WR80,2559,
Ty Johnson,RB90,RB,BUF,1308,27.9,No,RB87,1536,,RB98,116,RB98,140,,,,
Kenny Pickett,QB46,QB,CLE,1304,27.2,No,QB45,926,,QB45,296,QB45,175,,QB42,1680,
Curtis Samuel,WR125,WR,BUF,1297,29,No,WR122,1543,,WR125,137,WR125,152,,WR84,2511,
Erick All,TE47,TE,CIN,1294,24.9,No,TE45,1540,,TE47,129,TE47,130,,,,
Amari Cooper,WR126,WR,FA,1289,31.1,No,WR125,1461,,WR95,433,WR95,480,,WR92,2244,
Mac Jones,QB47,QB,SFO,1269,26.9,No,QB48,820,,QB47,280,QB47,166,,QB43,1618,
Nick Westbrook-Ikhine,WR127,WR,MIA,1268,28.4,No,WR127,1411,,WR123,156,WR123,173,,,,
Tyler Higbee,TE48,TE,LAR,1259,32.6,No,TE49,1337,,TE43,250,TE43,253,,TE29,2843,
Konata Mumpfield,WR128,WR,LAR,1248,22.8,Yes,WR137,1311,,WR115,214,WR115,237,,,,
Tyquan Thornton,WR129,WR,KCC,1236,25,No,WR126,1419,,WR134,97,WR134,107,,,,
Devin Singletary,RB91,RB,NYG,1230,27.9,No,RB91,1411,,RB95,153,RB95,185,,RB76,1838,
Kalel Mullings,RB92,RB,TEN,1226,22.8,Yes,RB94,1328,,RB89,185,RB89,224,,,,
Arian Smith,WR130,WR,NYJ,1213,23.8,Yes,WR128,1410,,WR119,174,WR119,192,,,,
Xavier Hutchinson,WR131,WR,HOU,1210,25.2,No,WR131,1369,,,,,,,WR97,2097,
Jonathan Mingo,WR132,WR,DAL,1205,24.3,No,WR138,1307,,WR151,28,WR151,31,,,,
Riley Leonard,QB48,QB,IND,1205,22.9,Yes,QB49,816,,QB44,313,QB44,186,,,,
Tyler Conklin,TE49,TE,LAC,1201,30,No,TE50,1296,,TE46,177,TE46,180,,,,
Ray-Ray McCloud,WR133,WR,ATL,1200,28.8,No,WR132,1351,,WR132,111,WR132,123,,,,
Rondale Moore,WR134,WR,MIN,1197,25.2,No,WR135,1330,,WR144,43,WR144,48,,WR110,1583,
Kenneth Gainwell,RB93,RB,PIT,1173,26.4,No,RB93,1361,,RB99,94,RB99,114,,RB74,1889,
Tahj Washington,WR135,WR,MIA,1170,24.2,No,WR129,1404,,,,,,,,,
AJ Dillon,RB94,RB,PHI,1170,27.3,No,RB95,1301,,,,,,,RB73,1895,
Greg Dortch,WR136,WR,ARI,1161,27.2,No,WR133,1337,,WR148,32,WR149,35,,,,
Noah Brown,WR137,WR,WAS,1160,29.6,No,WR136,1320,,,,,,,,,
Khalil Herbert,RB95,RB,IND,1157,27.3,No,RB92,1364,,RB92,172,RB92,208,,RB68,2197,
John Metchie,WR138,WR,HOU,1151,25,No,WR134,1334,,WR141,52,WR141,57,,WR113,1335,
Daniel Bellinger,TE50,TE,NYG,1138,24.9,No,TE48,1338,,TE59,7,TE59,7,,,,
Will Dissly,TE51,TE,LAC,1134,29.1,No,TE53,1276,,TE52,103,TE52,104,,,,
Colby Parkinson,TE52,TE,LAR,1130,26.6,No,TE52,1283,,TE61,3,TE61,3,,,,
Donovan Edwards,RB96,RB,NYJ,1128,22.4,Yes,RB96,1284,,RB104,47,RB104,57,,,,
Darnell Washington,TE53,TE,PIT,1125,24,No,TE51,1284,,TE54,57,TE54,58,,TE45,1331,
Tommy Tremble,TE54,TE,CAR,1120,25.2,No,TE55,1194,,,,,,,,,
Thomas Fidone,TE55,TE,NYG,1115,22.9,Yes,TE54,1208,,TE48,124,TE48,126,,,,
Antonio Gibson,RB97,RB,NEP,1105,27.1,No,RB97,1263,,RB91,178,RB91,216,,RB77,1609,
Kendrick Bourne,WR139,WR,NEP,1096,30,No,WR139,1301,,WR149,31,WR148,35,,WR83,2521,
Xavier Gipson,WR140,WR,NYJ,1088,24.4,No,WR140,1245,,,,,,,,,
Hendon Hooker,QB49,QB,DET,1088,27.6,No,QB53,607,,QB61,85,QB61,50,,,,
Tyler Goodson,RB98,RB,IND,1086,24.7,No,RB99,1205,,RB108,9,RB108,11,,,,
Zach Wilson,QB50,QB,MIA,1066,26,No,QB50,685,,QB52,167,QB52,99,,,,
Will Levis,QB51,QB,TEN,1064,26.1,No,QB46,904,,QB51,178,QB51,105,,,,
Chris Rodriguez,RB100,RB,WAS,1060,24.8,No,RB100,1198,,,,,,,,,
Israel Abanikanda,RB99,RB,GBP,1060,22.8,No,RB101,1166,,RB105,31,RB105,38,,,,
Brenden Rice,WR141,WR,LAC,1056,23.4,No,WR141,1219,,WR142,49,WR142,55,,,,
Alexander Mattison,RB101,RB,MIA,1056,27.1,No,RB98,1214,,RB102,68,RB101,83,,RB72,2031,
Jared Wiley,TE56,TE,KCC,1041,24.8,No,TE58,1146,,TE56,33,TE56,33,,,,
Nick Nash,WR142,WR,ATL,1031,25,Yes,WR145,1073,,WR120,162,WR120,180,,,,
Elijah Higgins,TE57,TE,ARI,1023,24.8,No,TE59,1132,,,,,,,,,
Cam Akers,RB102,RB,NOS,1018,26.1,No,RB103,1159,,RB97,121,RB97,146,,,,
Bub Means,WR144,WR,NOS,1010,24.6,No,WR142,1157,,WR137,69,WR137,76,,,,
Brandin Cooks,WR143,WR,NOS,1010,31.9,No,WR144,1077,,WR129,123,WR129,136,,WR101,1940,
Jamari Thrash,WR145,WR,CLE,1005,24.6,No,WR148,1042,,,,,,,,,
Raheem Mostert,RB103,RB,LVR,1005,33.3,No,RB109,1020,,RB84,321,RB84,388,,RB67,2275,
Greg Dulcich,TE58,TE,NYG,1000,25.4,No,TE57,1146,,TE58,7,TE58,7,,,,
Brevin Jordan,TE59,TE,HOU,993,25,No,TE56,1158,,,,,,,,,
Jake Bobo,WR146,WR,SEA,991,27,No,WR143,1120,,WR152,26,WR152,29,,,,
Frank Gore Jr.,RB104,RB,BUF,978,23.4,No,RB105,1124,,,,,,,,,
Trey Lance,QB52,QB,LAC,976,25.2,No,QB54,503,,QB50,223,QB50,132,,,,
Zack Moss,RB105,RB,FA,974,27.6,No,RB102,1164,,RB94,155,RB94,187,,RB78,1506,
Sincere McCormick,RB106,RB,LVR,974,24.9,No,RB104,1131,,,,,,,,,
Rasheen Ali,RB107,RB,BAL,967,24.5,No,RB106,1090,,,,,,,,,
Taysom Hill,TE60,TE,NOS,964,35,No,TE61,967,,TE50,115,TE50,116,,TE39,2008,
Efton Chism,WR147,WR,NEP,962,-1,Yes,WR157,978,,WR97,418,WR97,463,,,,
JuJu Smith-Schuster,WR148,WR,KCC,961,28.7,No,WR146,1052,,WR153,15,WR153,17,,WR103,1907,
Kendall Milton,RB108,RB,CIN,960,23.5,No,RB111,1002,,,,,,,,,
Deuce Vaughn,RB109,RB,DAL,955,23.8,No,RB108,1048,,,,,,,,,
Ainias Smith,WR149,WR,PHI,955,24.2,No,WR149,1035,,,,,,,,,
Zamir White,RB110,RB,LVR,953,25.9,No,RB107,1054,,RB101,68,RB102,82,,,,
Ty Chandler,RB111,RB,MIN,952,27.2,No,RB110,1014,,RB109,3,RB109,4,,RB69,2132,
Demarcus Robinson,WR150,WR,SFO,949,30.9,No,WR151,1022,,,,,,,,,
K.J. Osborn,WR151,WR,WAS,948,28.2,No,WR152,1015,,,,,,,,,
Tyler Johnson,WR152,WR,NYJ,944,26.9,No,WR153,1012,,,,,,,,,
Aidan O'Connell,QB53,QB,LVR,940,26.9,No,QB51,674,,QB58,115,QB58,68,,,,
Josh Reynolds,WR153,WR,NYJ,936,30.5,No,WR147,1042,,WR145,40,WR145,45,,WR100,2040,
Drew Lock,QB54,QB,SEA,923,28.7,No,QB52,653,,,,,,,QB45,1330,
David Bell,WR154,WR,CLE,919,24.6,No,WR150,1026,,,,,,,,,
Mason Rudolph,QB55,QB,PIT,911,30,No,QB55,416,,QB57,121,QB57,71,,,,
Olamide Zaccheaus,WR155,WR,CHI,903,28,No,WR158,971,,WR157,5,WR157,5,,,,
Gardner Minshew,QB56,QB,KCC,897,29.2,No,QB56,405,,QB55,130,QB55,77,,,,
Grant Calcaterra,TE61,TE,PHI,888,26.7,No,TE60,993,,TE57,31,TE57,32,,,,
Allen Lazard,WR156,WR,NYJ,888,29.6,No,WR159,967,,WR143,49,WR143,54,,WR109,1598,
Gabriel Davis,WR157,WR,FA,887,26.3,No,WR154,998,,WR136,78,WR136,87,,,,
Johnny Wilson,WR158,WR,PHI,878,24.3,No,WR155,983,,,,,,,,,
Bo Melton,WR160,WR,GBP,873,26.2,No,WR162,932,,WR156,5,WR156,6,,,,
KJ Hamler,WR159,WR,BUF,873,26.1,No,WR163,925,,,,,,,,,
A.T. Perry,WR161,WR,DEN,872,25.8,No,WR167,886,,,,,,,,,
KaVontae Turpin,WR162,WR,DAL,866,29,No,WR164,916,,WR150,30,WR150,33,,,,
Davis Allen,TE62,TE,LAR,857,24.5,No,TE62,916,,,,,,,,,
Emari Demercado,RB112,RB,ARI,857,26.5,No,RB113,910,,,,,,,,,
Isaiah Hodgins,WR163,WR,SFO,857,26.8,No,WR168,864,,,,,,,,,
Michael Carter,RB113,RB,ARI,849,26.2,No,RB114,905,,,,,,,,,
Terrace Marshall,WR164,WR,PHI,848,25.2,No,WR156,979,,,,,,,,,
Mecole Hardman,WR165,WR,GBP,845,27.4,No,WR173,840,,,,,,,WR105,1697,
Kyle McCord,QB57,QB,PHI,838,22.9,Yes,QB67,249,,,,,,,,,
Mason Tipton,WR166,WR,NOS,834,24.8,No,WR160,946,,,,,,,,,
Derius Davis,WR167,WR,LAC,825,24.9,No,WR161,945,,,,,,,,,
Carson Steele,RB114,RB,KCC,820,22.8,No,RB112,911,,RB106,23,RB106,27,,,,
Zay Jones,WR168,WR,ARI,820,30.4,No,WR174,810,,WR158,4,WR158,4,,WR88,2357,
Jake Browning,QB58,QB,CIN,817,29.3,No,QB57,393,,QB62,67,QB62,39,,,,
Samaje Perine,RB115,RB,CIN,815,29.9,No,RB116,865,,RB100,80,RB100,97,,,,
Chris Brooks,RB116,RB,GBP,815,25.6,No,RB117,856,,,,,,,,,
Trey Sermon,RB117,RB,PIT,814,26.5,No,RB118,835,,RB107,16,RB107,19,,,,
Tim Patrick,WR169,WR,DET,813,31.7,No,WR165,904,,,,,,,,,
Tyler Scott,WR170,WR,CHI,810,23.8,No,WR172,841,,,,,,,,,
Tyler Badie,RB118,RB,DEN,788,25.5,No,RB115,877,,,,,,,,,
Jaheim Bell,TE63,TE,NEP,784,24.1,No,TE63,792,,,,,,,,,
Mack Hollins,WR171,WR,NEP,777,31.9,No,WR170,851,,,,,,,,,
Trayveon Williams,RB119,RB,FA,772,27.8,No,RB121,779,,,,,,,,,
Donovan Peoples-Jones,WR172,WR,NOS,771,26.4,No,WR176,792,,,,,,,,,
Van Jefferson,WR173,WR,TEN,769,29,No,WR171,844,,WR154,9,WR154,10,,WR108,1601,
Jeremy Ruckert,TE64,TE,NYJ,768,25,No,TE65,772,,,,,,,,,
Marquez Valdes-Scantling,WR174,WR,SEA,766,30.8,No,WR169,861,,WR139,60,WR139,66,,WR93,2220,
Sione Vaki,RB120,RB,DET,759,24,No,RB120,793,,,,,,,,,
Jelani Woods,TE65,TE,IND,742,26.8,No,TE66,766,,,,,,,,,
Treylon Burks,WR175,WR,TEN,739,25.4,No,WR166,886,,WR127,128,WR127,142,,,,
Pierre Strong Jr.,RB121,RB,CLE,737,26.6,No,RB119,798,,,,,,,RB79,1398,
Skyy Moore,WR176,WR,KCC,724,24.9,No,WR175,809,,,,,,,WR120,1330,
Brock Wright,TE66,TE,DET,724,26.7,No,TE67,746,,,,,,,,,
Foster Moreau,TE67,TE,NOS,720,28.2,No,TE68,717,,,,,,,,,
Irv Smith,TE68,TE,HOU,719,27,No,TE69,663,,,,,,,,,
Luke Lachey,TE69,TE,HOU,718,24.1,Yes,TE64,789,,,,,,,TE43,1336,
Kenny McIntosh,RB122,RB,SEA,677,25.4,No,RB123,729,,,,,,,,,
Hassan Haskins,RB123,RB,LAC,650,25.7,No,RB122,760,,,,,,,,,
Jimmy Garoppolo,QB59,QB,LAR,649,33.8,No,QB93,96,,QB42,404,QB42,239,,,,
Tyler Huntley,QB60,QB,MIA,633,27.5,No,QB64,378,,,,,,,,,
Tylan Wallace,WR177,WR,BAL,629,26.2,No,WR177,705,,,,,,,,,
Erik Ezukanma,WR178,WR,MIA,626,25.5,No,WR178,689,,,,,,,,,
Jalen Reagor,WR179,WR,LAC,616,26.6,No,WR180,609,,,,,,,,,
Rakim Jarrett,WR180,WR,TBB,609,24.5,No,WR179,687,,,,,,,,,
Stone Smartt,TE70,TE,NYJ,609,26.8,No,TE70,644,,TE60,6,TE60,6,,,,
Jake Haener,QB61,QB,NOS,602,26.4,No,QB89,147,,,,,,,,,
Clyde Edwards-Helaire,RB124,RB,NOS,601,26.3,No,RB124,699,,,,,,,,,
Eric Gray,RB125,RB,NYG,598,25.8,No,RB125,694,,RB110,1,RB110,1,,,,
Dylan Laube,RB126,RB,LVR,543,25.6,No,RB128,569,,,,,,,,,
Josh Oliver,TE71,TE,MIN,519,28.4,No,TE72,545,,,,,,,,,
Malik Heath,WR182,WR,GBP,511,25.4,No,WR183,538,,,,,,,,,
Justin Watson,WR181,WR,HOU,511,29.3,No,WR186,499,,,,,,,,,
Tyson Bagent,QB62,QB,CHI,506,25.2,No,QB70,226,,QB60,88,QB60,52,,,,
Julius Chestnut,RB127,RB,TEN,501,24.8,No,RB126,621,,,,,,,,,
Kalif Raymond,WR183,WR,DET,501,31,No,WR181,586,,,,,,,,,
Lil'Jordan Humphrey,WR184,WR,NYG,498,27.3,No,WR188,489,,,,,,,,,
Dorian Thompson-Robinson,QB63,QB,PHI,497,25.7,No,QB58,386,,,,,,,,,
Harrison Bryant,TE72,TE,PHI,482,27.3,No,TE71,552,,,,,,,,,
Justin Shorter,WR185,WR,LVR,476,25.3,No,WR190,450,,,,,,,,,
Josh Whyle,TE73,TE,TEN,470,25.9,No,TE73,545,,,,,,,,,
Devin Duvernay,WR186,WR,CHI,466,27.9,No,WR185,510,,,,,,,,,
Austin Hooper,TE74,TE,NEP,465,30.8,No,TE76,444,,TE55,40,TE55,40,,,,
Cedrick Wilson,WR187,WR,NOS,460,29.7,No,WR184,511,,,,,,,,,
Jacoby Brissett,QB64,QB,ARI,451,32.6,No,QB66,376,,,,,,,,,
Adam Trautman,TE75,TE,DEN,439,28.5,No,TE75,485,,,,,,,TE41,1738,
Stetson Bennett,QB65,QB,LAR,439,27.8,No,QB72,216,,QB65,12,QB65,7,,,,
Tyrod Taylor,QB66,QB,NYJ,426,36,No,QB71,220,,QB56,124,QB56,74,,,,
Scotty Miller,WR188,WR,PIT,421,28,No,WR187,498,,,,,,,,,
Travis Homer,RB128,RB,CHI,420,27,No,RB132,481,,,,,,,,,
Joshua Dobbs,QB67,QB,NEP,406,30.5,No,QB69,241,,,,,,,,,
Tip Reiman,TE76,TE,ARI,401,23.9,No,TE74,486,,,,,,,,,
Desmond Ridder,QB68,QB,CIN,397,25.9,No,QB61,379,,,,,,,,,
Ryan Flournoy,WR189,WR,DAL,393,25.8,No,WR182,557,,WR155,7,WR155,8,,,,
Hunter Long,TE77,TE,JAC,391,27,No,TE78,396,,,,,,,,,
Jase McClellan,RB129,RB,FA,378,23.1,No,RB134,395,,,,,,,,,
Isaiah Bond,WR190,WR,FA,375,-1,Yes,WR191,432,,,,,,,WR118,1333,