Updated,Position Rank,Position,Team,Value,Age,In My table,Rookie,KTC 1QB Position Rank,KTC 1QB Value,FantasyCalc Values ->,FantasyCalc Position Rank,FantasyCalc Value,FantasyCalc 1QB Position Rank,FantasyCalc 1QB Value,Redraft Values ->,KTC Redraft Position Rank,KTC Redraft Value,FantasyCalc Redraft Value
Ja'Marr Chase,WR1,WR,CIN,9999,25.4,1,No,WR1,9999,,WR1,9641,WR1,10813,,WR1,9999,9134
Josh Allen,QB1,QB,BUF,9994,29.2,1,No,QB1,7831,,QB1,10071,QB1,6041,,QB1,9980,10167
Jayden Daniels,QB2,QB,WAS,9915,24.6,1,No,QB2,7512,,QB2,9866,QB2,5918,,QB3,9208,9545
Lamar Jackson,QB3,QB,BAL,9836,28.6,1,No,QB3,7404,,QB3,9782,QB3,5867,,QB2,9245,9846
Justin Jefferson,WR2,WR,MIN,9112,26.1,1,No,WR2,9948,,WR2,8472,WR2,9503,,WR3,9132,8166
Bijan Robinson,RB1,RB,ATL,8916,23.5,1,No,RB1,9971,,RB1,8256,RB1,10100,,RB1,9782,8683
Jahmyr Gibbs,RB2,RB,DET,8676,23.4,1,No,RB2,9473,,RB2,7465,RB2,9132,,RB2,9362,8449
Malik Nabers,WR3,WR,NYG,8670,22,1,No,WR3,9481,,WR3,7577,WR3,8499,,WR4,8741,7236
Joe Burrow,QB4,QB,CIN,8289,28.6,1,No,QB4,6436,,QB4,7902,QB4,4740,,QB4,8147,9261
CeeDee Lamb,WR4,WR,DAL,8277,26.3,1,No,WR4,8854,,WR4,7493,WR4,8405,,WR2,9366,8153
Brock Bowers,TE1,TE,LVR,8247,22.6,1,No,TE1,8722,,TE1,7536,TE1,7732,,TE1,8047,6377
Jalen Hurts,QB5,QB,PHI,7663,27,1,No,QB5,6238,,QB5,7303,QB5,4381,,QB5,7886,8807
Brian Thomas,WR5,WR,JAC,7662,22.8,1,No,WR5,8267,,WR5,6523,WR5,7316,,WR6,8300,6845
Ashton Jeanty,RB3,RB,LVR,7586,21.7,1,Yes,RB3,8162,,RB3,6615,RB3,8093,,RB4,7953,6122
Amon-Ra St. Brown,WR6,WR,DET,7415,25.8,1,No,WR6,7988,,WR6,6360,WR6,7134,,WR5,8381,7662
Puka Nacua,WR7,WR,LAR,7222,24.2,1,No,WR7,7778,,WR7,5928,WR7,6649,,WR9,7704,7188
Drake London,WR8,WR,ATL,6736,24,1,No,WR8,7371,,WR8,5484,WR8,6152,,WR8,7872,5644
Nico Collins,WR9,WR,HOU,6550,26.4,1,No,WR9,7254,,WR9,5272,WR9,5914,,WR7,8295,7108
Drake Maye,QB6,QB,NEP,6476,22.9,1,No,QB7,5435,,QB8,4944,QB8,2966,,QB9,6664,3855
Trey McBride,TE2,TE,ARI,6465,25.7,1,No,TE2,7078,,TE2,5678,TE2,5826,,TE2,7624,5594
Patrick Mahomes,QB7,QB,KCC,6454,29.9,1,No,QB6,5437,,QB6,5755,QB6,3452,,QB6,6808,7626
Bo Nix,QB8,QB,DEN,6417,25.4,1,No,QB8,5429,,QB7,5422,QB7,3252,,QB10,6636,5668
Justin Herbert,QB9,QB,LAC,6405,27.4,1,No,QB10,5239,,QB11,4797,QB11,2877,,QB7,6711,4920
Saquon Barkley,RB4,RB,PHI,6385,28.5,1,No,RB4,7032,,RB4,5700,RB4,6974,,RB3,8861,8188
Ladd McConkey,WR10,WR,LAC,6380,23.8,1,No,WR10,6985,,WR11,4785,WR11,5367,,WR11,7143,4843
Omarion Hampton,RB5,RB,LAC,6377,22.4,1,Yes,RB6,6937,,RB5,4861,RB5,5947,,RB8,7190,3504
Jaxon Smith-Njigba,WR11,WR,SEA,6343,23.5,1,No,WR11,6943,,WR12,4748,WR12,5326,,WR10,7266,3553
2025 Early 1st,,PI,,6326,,0,,,6855,,,,,,,,,
Marvin Harrison,WR12,WR,ARI,6322,23,1,No,WR12,6857,,WR10,4812,WR10,5397,,WR14,6660,3395
De'Von Achane,RB6,RB,MIA,6299,23.8,1,No,RB5,6981,,RB7,4574,RB7,5595,,RB6,7254,5770
C.J. Stroud,QB10,QB,HOU,6259,23.8,1,No,QB9,5250,,QB10,4859,QB10,2915,,QB13,6058,3360
TreVeyon Henderson,RB7,RB,NEP,6036,22.8,1,Yes,RB8,6688,,RB6,4677,RB6,5722,,RB12,6902,2552
Bucky Irving,RB8,RB,TBB,5989,23,1,No,RB7,6746,,RB8,4447,RB8,5441,,RB10,7142,5222
2027 Early 1st,,PI,,5987,,0,,,6466,,,,,,,,,
Caleb Williams,QB11,QB,CHI,5939,23.7,1,No,QB11,5136,,QB9,4915,QB9,2948,,QB11,6243,4377
Tetairoa McMillan,WR13,WR,CAR,5915,22.3,1,Yes,WR13,6587,,WR14,4277,WR14,4797,,WR16,6384,1989
Jordan Love,QB12,QB,GBP,5846,26.8,1,No,QB12,4778,,QB12,4361,QB12,2616,,QB12,6204,4187
A.J. Brown,WR14,WR,PHI,5819,28.1,1,No,WR15,6415,,WR13,4292,WR13,4814,,WR12,7133,5353
Garrett Wilson,WR15,WR,NYJ,5813,25,1,No,WR14,6428,,WR16,3917,WR16,4393,,WR15,6612,2962
2026 Early 1st,,PI,,5694,,0,,,6287,,,,,,,,,
Travis Hunter,WR16,WR,JAC,5607,22.2,1,Yes,WR16,6295,,WR15,3952,WR15,4433,,WR18,6190,2058
Brock Purdy,QB13,QB,SFO,5569,25.6,1,No,QB17,4510,,QB14,3985,QB14,2390,,QB14,6001,4630
Emeka Egbuka,WR17,WR,TBB,5467,22.8,1,Yes,WR18,6217,,WR17,3869,WR17,4340,,WR25,5794,1239
Tee Higgins,WR18,WR,CIN,5405,26.5,1,No,WR17,6231,,WR18,3587,WR18,4024,,WR13,6682,3970
Chase Brown,RB9,RB,CIN,5399,25.4,1,No,RB9,6234,,RB12,3622,RB12,4431,,RB9,7171,4469
Cam Ward,QB14,QB,TEN,5399,23.2,1,Yes,QB14,4577,,,,,,,QB20,5359,
Jonathan Taylor,RB10,RB,IND,5398,26.5,1,No,RB10,6220,,RB9,4002,RB9,4895,,RB7,7227,5261
J.J. McCarthy,QB15,QB,MIN,5360,22.5,1,No,QB16,4539,,QB17,3857,QB17,2314,,QB16,5819,3513
Baker Mayfield,QB16,QB,TBB,5355,30.3,1,No,QB13,4622,,QB15,3966,QB15,2379,,QB8,6674,5989
Kyren Williams,RB11,RB,LAR,5354,24.9,1,No,RB11,6220,,RB11,3635,RB11,4446,,RB14,6688,4334
2025 Mid 1st,,PI,,5249,,0,,,5955,,,,,,,,,
Rashee Rice,WR19,WR,KCC,5233,25.3,1,No,WR19,5934,,WR19,3546,WR19,3978,,WR32,5446,2409
2028 Early 1st,,PI,,5133,,0,,,5959,,,,,,,,,
Kyler Murray,QB17,QB,ARI,5071,28,1,No,QB15,4541,,QB16,3896,QB16,2337,,QB17,5786,3970
Rome Odunze,WR20,WR,CHI,5070,23.2,1,No,WR20,5845,,WR20,3094,WR20,3470,,WR36,5296,1169
Michael Penix,QB18,QB,ATL,5061,25.2,1,No,QB18,4243,,QB19,3325,QB19,1994,,QB23,5069,3144
DeVonta Smith,WR21,WR,PHI,5055,26.7,1,No,WR21,5813,,WR21,2964,WR21,3324,,WR20,6107,1740
Trevor Lawrence,QB19,QB,JAC,5053,25.8,1,No,QB19,4210,,QB18,3650,QB18,2189,,QB21,5302,2189
Christian McCaffrey,RB12,RB,SFO,5048,29.2,1,No,RB13,5889,,RB10,3963,RB10,4848,,RB5,7269,6794
Sam LaPorta,TE3,TE,DET,5036,24.6,1,No,TE3,5745,,TE3,3626,TE3,3720,,TE5,5644,2668
Tyler Warren,TE4,TE,IND,5028,23.2,1,Yes,TE4,5745,,TE4,3538,TE4,3630,,TE4,5772,1478
Breece Hall,RB13,RB,NYJ,5012,24.2,1,No,RB12,5954,,RB15,3361,RB15,4111,,RB18,5794,2591
Josh Jacobs,RB14,RB,GBP,4960,27.5,1,No,RB14,5823,,RB14,3450,RB14,4220,,RB13,6841,5327
James Cook,RB15,RB,BUF,4940,25.9,1,No,RB15,5786,,RB16,3238,RB16,3961,,RB16,6337,3397
Jameson Williams,WR22,WR,DET,4918,24.4,1,No,WR22,5775,,WR22,2913,WR22,3268,,WR19,6796,1671
2026 Mid 1st,,PI,,4912,,0,,,5586,,,,,,,,,
2027 Mid 1st,,PI,,4895,,0,,,5659,,,,,,,,,
Kenneth Walker,RB16,RB,SEA,4879,24.8,0,No,RB16,5750,,RB18,2914,RB18,3565,,RB15,6578,2457
Bryce Young,QB20,QB,CAR,4877,24,1,No,QB20,3988,,QB22,3044,QB22,1826,,QB19,5460,1878
Derrick Henry,RB17,RB,BAL,4832,31.6,1,No,RB17,5710,,RB13,3534,RB13,4323,,RB11,7097,6537
2025 Late 1st,,PI,,4721,,0,,,5508,,,,,,,,,
Xavier Worthy,WR23,WR,KCC,4663,22.3,1,No,WR23,5541,,WR23,2878,WR23,3228,,WR29,5688,1376
RJ Harvey,RB18,RB,DEN,4644,24.5,1,Yes,RB18,5619,,RB19,2811,RB19,3438,,RB21,5472,1603
Colston Loveland,TE5,TE,CHI,4616,21.3,1,Yes,TE5,5481,,TE6,2963,TE6,3040,,TE7,5075,581
George Pickens,WR24,WR,DAL,4597,24.4,1,No,WR24,5530,,WR31,2576,WR31,2890,,WR24,5883,1558
Matthew Golden,WR25,WR,GBP,4587,22,1,Yes,WR25,5456,,WR24,2747,WR24,3082,,WR35,5324,901
Kaleb Johnson,RB19,RB,PIT,4560,22,1,Yes,RB19,5513,,RB20,2592,RB20,3171,,RB24,5194,849
Dak Prescott,QB21,QB,DAL,4559,32,1,No,QB21,3915,,QB21,3236,QB21,1941,,QB15,5834,4899
Jordan Addison,WR26,WR,MIN,4545,23.5,1,No,WR26,5454,,WR27,2650,WR27,2972,,WR37,5146,747
2026 Late 1st,,PI,,4545,,0,,,5330,,,,,,,,,
Jared Goff,QB22,QB,DET,4537,30.8,1,No,QB22,3700,,QB20,3272,QB20,1962,,QB18,5597,3634
Quinshon Judkins,RB20,RB,CLE,4526,21.8,1,Yes,RB20,5426,,RB17,2933,RB17,3588,,RB25,5145,813
2027 Late 1st,,PI,,4515,,0,,,5344,,,,,,,,,
DK Metcalf,WR27,WR,PIT,4505,27.6,1,No,WR28,5370,,WR25,2690,WR25,3017,,WR21,6037,2550
Jaylen Waddle,WR28,WR,MIA,4492,26.7,1,No,WR27,5398,,WR33,2540,WR33,2849,,WR34,5376,1350
George Kittle,TE6,TE,SFO,4491,31.8,1,No,TE6,5370,,TE5,3301,TE5,3386,,TE3,6699,4450
2028 Mid 1st,,PI,,4429,,0,,,5410,,,,,,,,,
Zay Flowers,WR29,WR,BAL,4428,24.9,1,No,WR29,5295,,WR28,2639,WR28,2960,,WR33,5401,1300
Ricky Pearsall,WR30,WR,SFO,4377,24.9,1,No,WR30,5285,,WR30,2586,WR30,2901,,WR31,5572,789
Jaxson Dart,QB23,QB,NYG,4269,22.2,1,Yes,QB24,3630,,QB23,2887,QB23,1732,,QB56,1023,
DJ Moore,WR31,WR,CHI,4244,28.3,1,No,WR31,5180,,WR29,2615,WR29,2933,,WR26,5720,2069
Terry McLaurin,WR32,WR,WAS,4239,29.9,1,No,WR32,5143,,WR26,2658,WR26,2982,,WR27,5717,2904
Chuba Hubbard,RB21,RB,CAR,4231,26.2,1,No,RB21,5208,,RB21,2485,RB21,3040,,RB17,5904,2245
Chris Olave,WR33,WR,NOS,4205,25.1,1,No,WR33,5139,,WR34,2422,WR34,2716,,WR38,5096,890
2028 Late 1st,,PI,,4127,,0,,,5118,,,,,,,,,
Courtland Sutton,WR34,WR,DEN,4022,29.8,1,No,WR34,4971,,WR36,2293,WR36,2572,,WR22,5997,2099
Luther Burden,WR35,WR,CHI,3976,21.6,1,Yes,WR35,4945,,WR37,2216,WR37,2485,,WR46,4442,287
Mike Evans,WR36,WR,TBB,3853,32,1,No,WR37,4676,,WR35,2382,WR35,2672,,WR17,6227,2889
Tyreek Hill,WR37,WR,MIA,3747,31.4,1,No,WR40,4549,,WR32,2556,WR32,2866,,WR28,5696,3576
T.J. Hockenson,TE7,TE,MIN,3736,28.1,1,No,TE7,4547,,TE7,2398,TE7,2460,,TE6,5139,1449
Jerry Jeudy,WR38,WR,CLE,3714,26.3,1,No,WR38,4609,,WR38,2055,WR38,2305,,WR39,4902,804
Josh Downs,WR39,WR,IND,3714,24,1,No,WR39,4601,,WR43,1852,WR43,2077,,WR43,4670,456
2025 Early 2nd,,PI,,3704,,0,,,4555,,,,,,,,,
Alvin Kamara,RB22,RB,NOS,3696,30,1,No,RB22,4618,,RB22,2361,RB22,2888,,RB19,5781,3185
Jayden Higgins,WR40,WR,HOU,3695,22.6,1,Yes,WR36,4679,,WR40,1908,WR40,2140,,WR44,4641,303
Justin Fields,QB24,QB,NYJ,3674,26.4,1,No,QB23,3669,,QB24,2443,QB24,1465,,QB22,5087,2719
Tua Tagovailoa,QB25,QB,MIA,3662,27.4,1,No,QB25,3339,,QB25,2343,QB25,1405,,QB25,4545,1552
Davante Adams,WR41,WR,LAR,3563,32.6,1,No,WR41,4523,,WR39,2027,WR39,2274,,WR23,5940,2136
David Montgomery,RB23,RB,DET,3449,28.2,1,No,RB23,4296,,RB23,2017,RB23,2467,,RB23,5260,1430
Tucker Kraft,TE8,TE,GBP,3449,24.8,1,No,TE8,4263,,TE8,2058,TE8,2112,,TE12,4425,449
Zach Charbonnet,RB24,RB,SEA,3446,24.6,1,No,RB24,4284,,RB25,1848,RB25,2261,,RB27,4802,462
Keon Coleman,WR42,WR,BUF,3441,22.2,1,No,WR42,4313,,WR44,1774,WR44,1990,,WR41,4718,317
2026 Early 2nd,,PI,,3436,,0,,,4267,,,,,,,,,
Jayden Reed,WR43,WR,GBP,3429,25.3,1,No,WR44,4282,,WR46,1731,WR46,1942,,WR48,4418,550
Brandon Aiyuk,WR44,WR,SFO,3413,27.4,1,No,WR43,4297,,WR41,1907,WR41,2139,,WR51,4272,643
Sam Darnold,QB26,QB,SEA,3408,28.2,1,No,QB27,2942,,QB26,2068,QB26,1241,,QB26,4537,892
Calvin Ridley,WR45,WR,TEN,3384,30.6,1,No,WR45,4214,,WR42,1857,WR42,2082,,WR30,5580,1228
Isiah Pacheco,RB25,RB,KCC,3343,26.4,1,No,RB25,4244,,RB26,1847,RB26,2259,,RB22,5281,1190
Khalil Shakir,WR46,WR,BUF,3342,25.5,1,No,WR46,4176,,WR47,1673,WR47,1876,,WR50,4286,737
James Conner,RB26,RB,ARI,3338,30.2,1,No,RB28,4185,,RB24,1965,RB24,2403,,RB20,5536,1858
Cam Skattebo,RB27,RB,NYG,3305,23.5,1,Yes,RB27,4221,,RB30,1675,RB30,2049,,RB37,4048,397
2025 Mid 2nd,,PI,,3264,,0,,,4031,,,,,,,,,
Trey Benson,RB28,RB,ARI,3253,23,1,No,RB26,4229,,RB34,1597,RB34,1954,,RB39,4003,202
2027 Early 2nd,,PI,,3245,,0,,,4021,,,,,,,,,
Tre' Harris,WR47,WR,LAC,3238,23.4,1,Yes,WR47,4149,,,,,,,WR53,4045,
Jacory Croskey-Merritt,RB29,RB,WAS,3227,24.3,1,Yes,RB43,3614,,RB40,1486,RB40,1818,,RB38,4028,223
Kyle Pitts,TE9,TE,ATL,3223,24.8,1,No,TE9,3933,,TE10,1916,TE10,1966,,TE14,4113,518
D'Andre Swift,RB30,RB,CHI,3221,26.6,1,No,RB29,4119,,RB27,1836,RB27,2246,,RB31,4546,1207
Braelon Allen,RB31,RB,NYJ,3221,21.5,1,No,RB32,3916,,RB39,1516,RB39,1855,,RB32,4480,120
Tyrone Tracy,RB32,RB,NYG,3207,25.7,1,No,RB30,3967,,RB32,1634,RB32,1999,,RB28,4718,594
Jakobi Meyers,WR48,WR,LVR,3201,28.7,1,No,WR48,4018,,WR45,1731,WR45,1942,,WR40,4873,838
Dalton Kincaid,TE10,TE,BUF,3186,25.8,1,No,TE11,3867,,TE11,1870,TE11,1919,,TE13,4225,500
2026 Mid 2nd,,PI,,3160,,0,,,3744,,,,,,,,,
David Njoku,TE11,TE,CLE,3148,29.1,1,No,TE13,3694,,TE12,1841,TE12,1888,,TE10,4771,928
Jordan Mason,RB33,RB,MIN,3134,26.2,1,No,RB33,3846,,RB33,1618,RB33,1979,,RB30,4635,378
Isaiah Likely,TE12,TE,BAL,3116,25.3,1,No,TE10,3872,,TE16,1508,TE16,1548,,TE16,3831,103
Kyle Williams,WR49,WR,NEP,3114,22.7,1,Yes,WR50,3901,,WR54,1474,WR54,1653,,,,114
Chris Godwin,WR50,WR,TBB,3108,29.4,1,No,WR49,3919,,WR50,1608,WR50,1803,,WR49,4365,1006
Tank Bigsby,RB34,RB,JAC,3107,23.9,1,No,RB31,3929,,RB38,1521,RB38,1861,,RB35,4317,213
Tony Pollard,RB35,RB,TEN,3101,28.3,1,No,RB36,3735,,RB31,1660,RB31,2030,,RB26,4944,1077
Michael Pittman,WR51,WR,IND,3099,27.8,1,No,WR51,3861,,WR52,1544,WR52,1732,,WR47,4438,428
2027 Mid 2nd,,PI,,3093,,0,,,3716,,,,,,,,,
Geno Smith,QB27,QB,LVR,3089,34.8,1,No,QB30,2583,,QB27,1824,QB27,1094,,,,589
Mark Andrews,TE13,TE,BAL,3083,29.9,1,No,TE12,3754,,TE9,2020,TE9,2072,,TE8,4939,1109
Travis Etienne,RB36,RB,JAC,3057,26.5,1,No,RB34,3829,,RB28,1785,RB28,2183,,RB33,4429,663
Bhayshul Tuten,RB37,RB,JAC,3041,22.5,1,Yes,RB38,3710,,RB37,1525,RB37,1866,,,,18
Jalen Milroe,QB28,QB,SEA,3031,22.6,0,Yes,QB26,3177,,QB28,1761,QB28,1056,,QB28,3726,
Jauan Jennings,WR52,WR,SFO,3004,28.1,1,No,WR52,3655,,WR53,1510,WR53,1694,,,,602
Dylan Sampson,RB38,RB,CLE,3000,20.9,1,Yes,RB37,3726,,RB41,1457,RB41,1783,,RB49,3505,88
2025 Late 2nd,,PI,,2997,,0,,,3709,,,,,,,,,
Mason Taylor,TE14,TE,NYJ,2984,21.2,1,Yes,TE14,3669,,TE15,1655,TE15,1698,,TE17,3729,12
Jaylen Warren,RB39,RB,PIT,2967,26.8,1,No,RB39,3700,,RB42,1440,RB42,1761,,RB36,4238,474
2026 Late 2nd,,PI,,2948,,0,,,3466,,,,,,,,,
Stefon Diggs,WR53,WR,NEP,2943,31.7,1,No,WR54,3596,,WR48,1655,WR48,1856,,WR42,4708,859
Aaron Jones,RB40,RB,MIN,2938,30.7,1,No,RB44,3562,,RB35,1582,RB35,1935,,RB29,4642,1018
2028 Early 2nd,,PI,,2933,,0,,,3790,,,,,,,,,
Jake Ferguson,TE15,TE,DAL,2931,26.5,1,No,TE15,3639,,TE18,1451,TE18,1488,,TE15,3978,394
Evan Engram,TE16,TE,DEN,2925,30.9,1,No,TE16,3500,,TE13,1731,TE13,1776,,TE10,4740,932
2027 Late 2nd,,PI,,2911,,0,,,3383,,,,,,,,,
Brian Robinson,RB41,RB,WAS,2908,26.4,1,No,RB35,3756,,RB36,1555,RB36,1903,,RB42,3719,656
Joe Mixon,RB42,RB,HOU,2901,29,1,No,RB40,3666,,RB29,1715,RB29,2098,,RB40,3973,1471
Jaylin Noel,WR54,WR,HOU,2893,22.9,1,Yes,WR53,3618,,WR67,1177,WR67,1320,,WR64,3220,
Deebo Samuel,WR55,WR,WAS,2890,29.6,1,No,WR55,3580,,WR51,1570,WR51,1761,,WR45,4475,734
Jaydon Blue,RB43,RB,DAL,2888,21.6,1,Yes,RB41,3658,,RB44,1413,RB44,1729,,,,94
Tyjae Spears,RB44,RB,TEN,2885,24.1,1,No,RB42,3634,,RB50,1232,RB50,1507,,RB43,3715,185
J.K. Dobbins,RB45,RB,DEN,2881,26.6,1,No,RB45,3477,,RB43,1418,RB43,1735,,RB34,4402,615
Jack Bech,WR56,WR,LVR,2855,22.6,1,Yes,WR58,3492,,WR60,1278,WR60,1434,,,,51
Marvin Mims,WR57,WR,DEN,2834,23.4,1,No,WR56,3558,,WR56,1320,WR56,1480,,WR58,3590,221
Rashid Shaheed,WR58,WR,NOS,2807,26.9,1,No,WR59,3443,,WR57,1319,WR57,1480,,WR55,3894,220
Matthew Stafford,QB29,QB,LAR,2807,37.5,1,No,QB29,2667,,QB31,1636,QB31,981,,QB27,4227,1268
Darnell Mooney,WR59,WR,ATL,2801,27.8,1,No,WR60,3411,,WR63,1250,WR63,1402,,WR54,4019,335
Elijah Arroyo,TE17,TE,SEA,2795,22.3,1,Yes,TE17,3450,,TE17,1504,TE17,1543,,TE23,3279,
Travis Kelce,TE18,TE,KCC,2789,35.8,1,No,TE18,3425,,TE14,1659,TE14,1702,,TE11,4523,1540
2028 Mid 2nd,,PI,,2770,,0,,,3521,,,,,,,,,
Jalen McMillan,WR60,WR,TBB,2760,23.7,1,No,WR57,3504,,WR61,1277,WR61,1432,,WR65,3185,21
Brenton Strange,TE19,TE,JAC,2745,24.6,1,No,TE19,3343,,TE19,1285,TE19,1318,,,,140
Terrance Ferguson,TE20,TE,LAR,2741,22.4,1,Yes,TE20,3295,,TE29,1028,TE28,1055,,TE28,2862,
Xavier Legette,WR61,WR,CAR,2725,24.5,1,No,WR63,3310,,WR66,1190,WR66,1335,,WR76,2766,44
Cooper Kupp,WR62,WR,SEA,2711,32.1,1,No,WR64,3306,,WR55,1448,WR55,1624,,WR52,4193,769
Shedeur Sanders,QB30,QB,CLE,2709,23.5,0,Yes,QB31,2231,,QB30,1696,QB30,1018,,QB33,2960,1
Javonte Williams,RB46,RB,DAL,2708,25.3,1,No,RB48,3299,,RB47,1255,RB47,1535,,RB44,3656,329
Cedric Tillman,WR63,WR,CLE,2701,25.3,1,No,WR62,3338,,WR65,1211,WR65,1358,,WR59,3578,36
2028 Late 2nd,,PI,,2692,,0,,,3251,,,,,,,,,
Daniel Jones,QB31,QB,IND,2684,28.2,1,No,QB33,1895,,QB32,1469,QB32,881,,QB30,3291,
Rashod Bateman,WR64,WR,BAL,2682,25.7,1,No,WR61,3379,,WR64,1245,WR64,1396,,WR57,3662,148
Ray Davis,RB47,RB,BUF,2670,25.7,1,No,RB46,3350,,RB51,1222,RB51,1495,,RB50,3417,100
Adonai Mitchell,WR65,WR,IND,2666,22.8,1,No,WR66,3225,,WR59,1290,WR59,1447,,WR60,3300,
Anthony Richardson,QB32,QB,IND,2594,23.2,1,No,QB28,2872,,QB29,1758,QB29,1055,,QB32,3027,275
DeMario Douglas,WR66,WR,NEP,2591,24.6,1,No,WR65,3278,,,,,,,,,
Jaylen Wright,RB48,RB,MIA,2590,22.3,1,No,RB47,3321,,RB53,1151,RB53,1408,,RB54,3205,81
Isaac Guerendo,RB49,RB,SFO,2579,25.1,1,No,RB49,3142,,RB54,1148,RB54,1405,,,,172
Pat Bryant,WR67,WR,DEN,2562,22.6,1,Yes,WR67,3170,,WR62,1274,WR62,1429,,,,
Tory Horton,WR68,WR,SEA,2521,22.7,1,Yes,WR72,2977,,WR71,1124,WR71,1261,,WR92,2117,
Rhamondre Stevenson,RB50,RB,NEP,2517,27.4,1,No,RB50,3118,,RB46,1265,RB46,1548,,RB41,3763,258
Dont'e Thornton,WR69,WR,LVR,2511,22.7,1,Yes,WR73,2885,,WR69,1153,WR69,1293,,,,3
Jalen Royals,WR70,WR,KCC,2497,22.5,1,Yes,WR69,3061,,WR86,894,WR86,1002,,WR75,2799,
Jalen Coker,WR71,WR,CAR,2494,23.8,1,No,WR68,3071,,WR74,1048,WR74,1175,,,,
Romeo Doubs,WR72,WR,GBP,2489,25.3,1,No,WR71,2999,,WR80,959,WR80,1075,,WR63,3226,
Rachaad White,RB51,RB,TBB,2487,26.6,1,No,RB51,3076,,RB48,1244,RB48,1522,,RB47,3549,161
2025 Early 3rd,,PI,,2481,,0,,,2900,,,,,,,,,
Elic Ayomanor,WR73,WR,TEN,2480,22.2,1,Yes,WR70,3000,,WR68,1171,WR68,1313,,WR70,3067,
Najee Harris,RB52,RB,LAC,2455,27.4,1,No,RB54,2970,,RB49,1243,RB49,1520,,RB46,3599,223
Cade Otton,TE21,TE,TBB,2442,26.3,1,No,TE22,2858,,TE20,1242,TE20,1274,,TE21,3299,
DJ Giddens,RB53,RB,IND,2440,21.9,0,Yes,RB53,2976,,RB62,921,RB62,1127,,,,
Tyler Shough,QB33,QB,NOS,2434,25.8,1,Yes,QB32,2063,,QB34,1333,QB34,800,,QB34,2668,
Isaac TeSlaa,WR74,WR,DET,2427,23.4,1,Yes,WR75,2870,,WR58,1313,WR58,1473,,,,
Tyler Allgeier,RB54,RB,ATL,2423,25.3,1,No,RB52,2985,,RB52,1195,RB52,1462,,RB53,3312,99
Tank Dell,WR75,WR,HOU,2416,25.8,0,No,WR74,2883,,WR78,979,WR78,1098,,WR94,2090,
Ben Sinnott,TE22,TE,WAS,2416,23.1,0,No,TE25,2766,,TE26,1096,TE26,1125,,,,
Harold Fannin,TE23,TE,CLE,2413,21,1,Yes,TE21,2937,,TE25,1102,TE25,1130,,TE34,2530,
Dallas Goedert,TE24,TE,PHI,2371,30.6,1,No,TE24,2821,,TE21,1227,TE21,1259,,TE19,3362,301
2026 Early 3rd,,PI,,2356,,0,,,2734,,,,,,,,,
Keaton Mitchell,RB55,RB,BAL,2343,23.6,0,No,RB57,2744,,RB68,876,RB68,1072,,,,
Ja'Tavion Sanders,TE25,TE,CAR,2334,22.4,1,No,TE23,2852,,TE24,1139,TE24,1169,,TE27,2893,
2025 Mid 3rd,,PI,,2319,,0,,,2733,,,,,,,,,
Jarquez Hunter,RB56,RB,LAR,2306,22.6,0,Yes,RB56,2791,,RB70,769,RB70,940,,,,
Jonathon Brooks,RB57,RB,CAR,2305,22,0,No,RB55,2894,,RB59,965,RB60,1180,,RB69,2102,
Wan'Dale Robinson,WR76,WR,NYG,2305,24.6,1,No,WR76,2765,,WR81,940,WR81,1054,,WR67,3110,31
Pat Freiermuth,TE26,TE,PIT,2299,26.8,1,No,TE26,2643,,TE23,1167,TE23,1197,,TE24,3239,
Tahj Brooks,RB58,RB,CIN,2257,23.2,0,Yes,RB61,2639,,RB64,913,RB64,1117,,,,
Quentin Johnston,WR77,WR,LAC,2251,23.9,1,No,WR79,2671,,WR83,933,WR83,1047,,WR78,2601,8
Christian Kirk,WR78,WR,HOU,2240,28.7,1,No,WR77,2725,,WR72,1068,WR72,1198,,WR56,3757,92
Ollie Gordon,RB59,RB,MIA,2239,21.6,0,Yes,RB58,2743,,RB45,1301,RB45,1592,,RB45,3639,
Blake Corum,RB60,RB,LAR,2236,24.7,1,No,RB60,2648,,RB58,988,RB58,1208,,RB56,2972,35
Woody Marks,RB61,RB,HOU,2227,24.6,1,Yes,RB66,2597,,RB61,936,RB61,1145,,,,
Christian Watson,WR79,WR,GBP,2220,26.2,0,No,WR80,2611,,WR90,648,WR90,726,,WR73,2894,
Kyle Monangai,RB62,RB,CHI,2220,23.2,0,Yes,RB65,2604,,RB60,964,RB59,1180,,,,
Trevor Etienne,RB63,RB,CAR,2216,21.1,1,Yes,RB62,2627,,RB76,534,RB76,654,,RB55,3177,
2027 Early 3rd,,PI,,2211,,0,,,2596,,,,,,,,,
Troy Franklin,WR80,WR,DEN,2181,22.5,1,No,WR78,2721,,WR76,1026,WR76,1151,,WR72,3051,
Jerome Ford,RB64,RB,CLE,2176,25.9,1,No,RB63,2615,,RB57,1035,RB57,1266,,RB52,3355,91
Jonnu Smith,TE27,TE,PIT,2159,30,1,No,TE27,2544,,TE22,1182,TE22,1213,,TE18,3557,263
Devin Neal,RB65,RB,NOS,2153,22,1,Yes,RB59,2656,,RB77,483,RB77,591,,RB62,2587,
Joshua Palmer,WR81,WR,BUF,2148,25.9,1,No,WR84,2441,,WR77,991,WR77,1111,,WR62,3284,46
2026 Mid 3rd,,PI,,2144,,0,,,2499,,,,,,,,,
Roman Wilson,WR82,WR,PIT,2139,24.1,0,No,WR82,2531,,WR73,1064,WR73,1193,,WR74,2859,
Chig Okonkwo,TE28,TE,TEN,2120,25.9,0,No,TE28,2434,,,,,,,TE20,3350,
Alec Pierce,WR83,WR,IND,2108,25.3,1,No,WR83,2476,,WR88,663,WR88,744,,WR69,3071,
Jordan James,RB66,RB,SFO,2107,21.4,0,Yes,RB64,2607,,RB73,575,RB73,704,,RB63,2585,
Hollywood Brown,WR84,WR,KCC,2102,28.2,0,No,WR81,2534,,,,,,,WR68,3105,
2025 Late 3rd,,PI,,2087,,0,,,2440,,,,,,,,,
Roschon Johnson,RB67,RB,CHI,2086,24.5,1,No,RB67,2572,,RB69,862,RB69,1054,,RB61,2644,
Brashard Smith,RB68,RB,KCC,2067,22.3,0,Yes,RB68,2533,,RB67,878,RB67,1074,,,,
Sean Tucker,RB69,RB,TBB,2062,23.8,0,No,RB69,2406,,RB72,734,RB72,898,,RB58,2848,
Theo Johnson,TE29,TE,NYG,2060,24.4,1,No,TE29,2380,,TE27,1067,TE27,1095,,,,
Dontayvion Wicks,WR85,WR,GBP,2030,24.1,1,No,WR85,2360,,WR91,595,WR91,667,,,,
KeAndre Lambert-Smith,WR86,WR,LAC,2029,23.8,0,Yes,WR86,2311,,WR84,903,WR84,1013,,,,
Kendre Miller,RB70,RB,NOS,2020,23.2,1,No,RB72,2325,,RB71,736,RB71,901,,RB64,2487,
2028 Early 3rd,,PI,,2014,,0,,,2402,,,,,,,,,
Will Shipley,RB71,RB,PHI,2014,22.9,1,No,RB70,2375,,RB63,917,RB63,1122,,RB59,2844,
Joe Milton,QB34,QB,DAL,2004,25.4,0,No,QB34,1818,,QB38,793,QB38,475,,,,
Cole Kmet,TE30,TE,CHI,2001,26.4,1,No,TE31,2230,,TE35,613,TE35,629,,TE32,2646,
Russell Wilson,QB35,QB,NYG,1994,36.7,1,No,QB35,1646,,QB33,1364,QB33,818,,QB31,3138,201
2027 Mid 3rd,,PI,,1984,,0,,,2376,,,,,,,,,
Rico Dowdle,RB72,RB,CAR,1976,27.1,1,No,RB71,2368,,RB65,901,RB65,1102,,,,14
2026 Late 3rd,,PI,,1967,,0,,,2232,,,,,,,,,
MarShawn Lloyd,RB73,RB,GBP,1942,24.6,1,No,RB73,2292,,RB66,892,RB66,1091,,RB67,2223,
Michael Wilson,WR87,WR,ARI,1938,25.4,1,No,WR87,2248,,WR89,659,WR89,740,,,,
Austin Ekeler,RB74,RB,WAS,1931,30.2,1,No,RB74,2202,,RB56,1065,RB56,1303,,RB51,3391,153
Oronde Gadsden,TE31,TE,LAC,1929,22.1,0,Yes,TE30,2284,,TE37,504,TE37,517,,,,
Jaylin Lane,WR88,WR,WAS,1925,23.3,0,Yes,WR90,2118,,WR94,498,WR94,558,,,,
Hunter Henry,TE32,TE,NEP,1922,30.7,1,No,TE32,2198,,TE28,1029,TE29,1055,,TE22,3282,67
Will Howard,QB36,QB,PIT,1892,23.9,0,Yes,QB36,1606,,QB39,557,QB39,334,,QB39,1894,
Aaron Rodgers,QB37,QB,PIT,1890,41.7,1,No,QB39,1369,,QB35,1312,QB35,787,,QB29,3428,291
2027 Late 3rd,,PI,,1888,,0,,,2134,,,,,,,,,
Isaiah Bond,WR89,WR,FA,1886,-1,0,Yes,WR100,1958,,WR79,970,WR79,1088,,WR122,1304,
Andrei Iosivas,WR90,WR,CIN,1868,25.8,1,No,WR88,2151,,WR97,362,WR97,406,,,,
Spencer Rattler,QB38,QB,NOS,1867,24.8,0,No,QB40,1335,,QB37,924,QB37,554,,QB35,2552,
Nick Chubb,RB75,RB,HOU,1862,29.6,1,No,RB75,2136,,RB55,1110,RB55,1358,,RB48,3520,276
Kayshon Boutte,WR91,WR,NEP,1856,23.2,0,No,WR92,2088,,WR95,486,WR95,545,,WR77,2624,
Michael Mayer,TE33,TE,LVR,1855,24.1,0,No,TE33,2147,,TE36,561,TE36,575,,TE37,2478,
Tre Tucker,WR92,WR,LVR,1844,24.4,1,No,WR89,2123,,WR108,300,WR108,336,,,,
Luke Musgrave,TE34,TE,GBP,1841,24.9,0,No,TE37,2028,,TE42,306,TE42,314,,TE33,2625,
Keenan Allen,WR93,WR,FA,1840,33.3,1,No,WR91,2100,,WR75,1045,WR75,1172,,WR61,3290,266
Dillon Gabriel,QB39,QB,CLE,1838,24.6,0,Yes,QB37,1538,,QB43,396,QB43,238,,QB37,2095,
2028 Mid 3rd,,PI,,1826,,0,,,2218,,,,,,,,,
Dalton Schultz,TE35,TE,HOU,1823,29.1,1,No,TE35,2077,,TE34,622,TE34,638,,TE30,2729,
Isaiah Davis,RB76,RB,NYJ,1808,23.4,0,No,RB76,2072,,RB80,425,RB80,519,,,,
Damien Martinez,RB77,RB,SEA,1784,21.5,0,Yes,RB78,2036,,RB88,221,RB88,270,,RB68,2205,
2025 Early 4th,,PI,,1780,,0,,,1978,,,,,,,,,
Luke McCaffrey,WR94,WR,WAS,1778,24.3,0,No,WR98,1983,,WR111,263,WR111,295,,WR90,2181,
Noah Gray,TE36,TE,KCC,1773,26.3,1,No,TE36,2072,,TE38,459,TE38,470,,TE38,2472,
Mike Gesicki,TE37,TE,CIN,1768,29.8,1,No,TE34,2083,,TE33,644,TE33,660,,TE26,2972,
Zach Ertz,TE38,TE,WAS,1764,34.7,1,No,TE38,1957,,TE31,927,TE31,951,,TE25,3178,102
2028 Late 3rd,,PI,,1744,,0,,,1993,,,,,,,,,
Jordan Whittington,WR95,WR,LAR,1741,24.8,1,No,WR94,2032,,WR98,359,WR98,402,,,,
Dyami Brown,WR96,WR,JAC,1733,25.8,1,No,WR102,1925,,WR117,227,WR117,255,,WR89,2218,
Xavier Restrepo,WR97,WR,TEN,1732,23.3,0,Yes,WR97,1999,,WR106,316,WR106,355,,WR79,2596,
Gunnar Helm,TE39,TE,TEN,1727,22.9,0,Yes,TE39,1913,,TE39,388,TE39,398,,TE39,2099,
Jalen Nailor,WR98,WR,MIN,1723,26.4,1,No,WR99,1972,,WR103,328,WR103,368,,,,
Malik Washington,WR99,WR,MIA,1722,24.6,1,No,WR93,2044,,WR102,340,WR102,381,,,,
Jimmy Horn,WR100,WR,CAR,1722,22.9,0,Yes,WR101,1951,,WR110,287,WR110,322,,,,
Elijah Moore,WR101,WR,BUF,1721,25.4,0,No,WR96,2000,,WR107,304,WR107,341,,WR82,2474,
Audric Estime,RB78,RB,DEN,1717,21.9,0,No,RB77,2036,,RB82,307,RB82,375,,RB72,1980,
John Metchie,WR102,WR,HOU,1704,25,0,No,WR105,1882,,WR118,220,WR118,246,,WR101,1769,
Savion Williams,WR103,WR,GBP,1700,23.7,0,Yes,WR95,2020,,WR115,247,WR115,277,,,,
2025 Mid 4th,,PI,,1683,,0,,,1891,,,,,,,,,
2026 Early 4th,,PI,,1681,,0,,,1895,,,,,,,,,
Calvin Austin,WR104,WR,PIT,1671,26.4,0,No,WR103,1920,,WR101,344,WR101,386,,WR81,2507,
AJ Barner,TE40,TE,SEA,1671,23.2,0,No,TE40,1779,,TE40,378,TE40,387,,,,
Quinn Ewers,QB40,QB,MIA,1666,22.2,0,Yes,QB38,1480,,QB42,467,QB42,280,,,,
Adam Thielen,WR105,WR,CAR,1644,35,1,No,WR112,1765,,WR87,875,WR87,982,,WR66,3181,129
Chris Rodriguez,RB79,RB,WAS,1643,24.8,0,No,RB82,1743,,RB74,567,RB74,693,,,,
Tai Felton,WR106,WR,MIN,1639,22.4,1,Yes,WR107,1850,,WR96,407,WR96,456,,,,
Chimere Dike,WR107,WR,TEN,1638,23.6,1,Yes,WR104,1889,,WR109,290,WR109,325,,,,
Jermaine Burton,WR108,WR,CIN,1620,24.1,0,No,WR106,1866,,WR114,249,WR114,280,,WR87,2268,
Justice Hill,RB80,RB,BAL,1601,27.7,1,No,RB80,1779,,RB81,411,RB81,502,,,,
Dameon Pierce,RB81,RB,HOU,1591,25.4,0,No,RB84,1679,,RB75,546,RB75,668,,RB65,2379,
Jaleel McLaughlin,RB82,RB,DEN,1579,24.9,1,No,RB79,1827,,RB86,238,RB86,291,,,,
DeAndre Hopkins,WR109,WR,BAL,1569,33.2,1,No,WR118,1676,,WR92,580,WR92,651,,WR71,3065,
2027 Early 4th,,PI,,1566,,0,,,1840,,,,,,,,,
Darius Slayton,WR110,WR,NYG,1561,28.6,1,No,WR110,1792,,WR100,350,WR100,393,,WR80,2554,
Miles Sanders,RB83,RB,DAL,1556,28.3,1,No,RB81,1771,,RB78,444,RB78,543,,RB57,2918,
Juwan Johnson,TE41,TE,NOS,1550,28.9,1,No,TE43,1611,,TE41,333,TE41,342,,,,
Devaughn Vele,WR112,WR,DEN,1548,27.6,1,No,WR108,1801,,WR93,529,WR93,593,,,,
Parker Washington,WR111,WR,JAC,1548,23.4,0,No,WR109,1800,,WR122,157,WR122,176,,WR108,1506,
2025 Late 4th,,PI,,1544,,0,,,1820,,,,,,,,,
Joe Flacco,QB41,QB,CLE,1534,40.6,1,No,QB46,876,,QB36,1079,QB36,647,,,,
2026 Mid 4th,,PI,,1533,,0,,,1731,,,,,,,,,
Elijah Mitchell,RB84,RB,KCC,1526,27.3,0,No,RB85,1658,,RB89,219,RB89,268,,RB74,1846,
Tutu Atwell,WR113,WR,LAR,1517,25.8,1,No,WR114,1731,,WR126,136,WR126,153,,WR98,1877,
Jalin Hyatt,WR114,WR,NYG,1514,23.9,0,No,WR111,1792,,WR125,139,WR125,156,,WR100,1789,
Dawson Knox,TE42,TE,BUF,1513,28.7,0,No,TE41,1646,,TE53,28,TE53,29,,TE31,2692,
Ja'Lynn Polk,WR115,WR,NEP,1496,23.3,0,No,WR113,1755,,WR112,255,WR112,286,,WR104,1642,
Noah Fant,TE43,TE,CIN,1474,27.7,1,No,TE44,1546,,TE44,249,TE44,256,,TE36,2481,
2028 Early 4th,,PI,,1463,,0,,,1671,,,,,,,,,
Jacob Cowing,WR116,WR,SFO,1448,24.5,0,No,WR115,1729,,WR120,186,WR120,208,,WR105,1609,
2027 Mid 4th,,PI,,1446,,0,,,1606,,,,,,,,,
Malik Willis,QB42,QB,GBP,1432,26.2,0,No,QB43,1081,,QB44,284,QB44,170,,QB40,1520,
Tyler Lockett,WR117,WR,TEN,1422,32.8,1,No,WR123,1584,,WR104,327,WR104,367,,WR83,2467,
Jalen Tolbert,WR118,WR,DAL,1417,26.4,1,No,WR120,1635,,WR113,254,WR113,285,,WR96,2032,
Javon Baker,WR119,WR,NEP,1406,23.5,0,No,WR119,1670,,WR134,102,WR134,114,,,,
Jameis Winston,QB43,QB,NYG,1403,31.6,0,No,QB41,1209,,QB45,284,QB45,170,,QB36,2328,
Trey Palmer,WR120,WR,TBB,1393,24.3,0,No,WR117,1679,,,,,,,,,
Tez Johnson,WR121,WR,TBB,1391,23.2,0,Yes,WR116,1710,,WR131,110,WR131,124,,,,
2026 Late 4th,,PI,,1377,,0,,,1579,,,,,,,,,
Kirk Cousins,QB44,QB,ATL,1376,37,0,No,QB42,1150,,QB41,499,QB41,299,,QB38,2091,
Kalel Mullings,RB85,RB,TEN,1372,22.8,0,Yes,RB90,1492,,RB92,204,RB92,249,,,,
Tanner McKee,QB45,QB,PHI,1369,25.3,0,No,QB55,462,,QB51,190,QB51,114,,,,
Cade Stover,TE44,TE,HOU,1358,25.2,0,No,TE42,1638,,TE45,143,TE45,147,,TE41,1379,
Jordan Watkins,WR122,WR,SFO,1356,23.5,0,Yes,WR124,1520,,WR123,147,WR123,164,,,,
Kareem Hunt,RB86,RB,KCC,1353,30,1,No,RB88,1540,,RB79,439,RB79,537,,RB60,2830,
Kimani Vidal,RB87,RB,LAC,1345,23.9,0,No,RB83,1688,,RB94,158,RB94,193,,,,
2028 Mid 4th,,PI,,1338,,0,,,1455,,,,,,,,,
Phil Mafah,RB88,RB,DAL,1318,22.8,0,Yes,RB91,1485,,RB84,243,RB84,298,,,,
Malachi Corley,WR123,WR,NYJ,1316,23.4,1,No,WR122,1586,,WR119,188,WR119,211,,,,
Jahan Dotson,WR124,WR,PHI,1310,25.4,0,No,WR121,1623,,WR129,120,WR129,135,,WR99,1809,
Luke Schoonmaker,TE45,TE,DAL,1310,26.8,0,No,TE45,1539,,TE52,44,TE52,45,,,,
Ty Johnson,RB89,RB,BUF,1309,27.9,1,No,RB87,1549,,RB103,33,RB103,41,,,,
Sam Howell,QB46,QB,MIN,1304,24.9,0,No,QB44,1067,,QB50,217,QB50,130,,QB41,1421,
Emanuel Wilson,RB90,RB,GBP,1303,26.2,0,No,RB86,1592,,RB83,266,RB83,325,,,,
2027 Late 4th,,PI,,1298,,0,,,1503,,,,,,,,,
Erick All,TE46,TE,CIN,1295,24.9,0,No,TE46,1474,,TE49,115,TE49,118,,,,
LeQuint Allen,RB91,RB,JAC,1287,21,0,Yes,RB89,1506,,RB87,225,RB87,276,,,,
Raheim Sanders,RB92,RB,LAC,1280,23.2,0,Yes,RB92,1482,,RB85,242,RB85,296,,,,
Curtis Samuel,WR125,WR,BUF,1273,29,1,No,WR128,1418,,WR132,107,WR132,120,,WR88,2240,
Tahj Washington,WR126,WR,MIA,1272,24.2,0,No,WR127,1447,,WR158,20,WR158,22,,,,
Devontez Walker,WR127,WR,BAL,1270,24.1,0,No,WR126,1460,,WR137,87,WR137,97,,WR117,1307,
Tyquan Thornton,WR128,WR,KCC,1269,25,0,No,WR125,1467,,WR159,19,WR159,21,,WR107,1547,
Konata Mumpfield,WR129,WR,LAR,1248,22.8,0,Yes,WR130,1390,,WR121,165,WR121,186,,,,
Darren Waller,TE47,TE,MIA,1241,32.9,1,No,TE48,1362,,TE32,782,TE32,803,,TE29,2775,4
Nick Westbrook-Ikhine,WR130,WR,MIA,1233,28.4,1,No,WR129,1402,,WR130,120,WR130,135,,,,
Kenneth Gainwell,RB93,RB,PIT,1233,26.4,0,No,RB93,1399,,RB98,116,RB98,142,,RB75,1797,
Mac Jones,QB47,QB,SFO,1233,26.9,0,No,QB49,793,,QB47,229,QB47,138,,QB44,1300,
Devin Singletary,RB94,RB,NYG,1227,27.9,0,No,RB94,1343,,RB96,137,RB96,168,,RB70,2060,
Darnell Washington,TE48,TE,PIT,1223,24,0,No,TE47,1381,,TE51,57,TE51,59,,TE43,1302,
Xavier Hutchinson,WR131,WR,HOU,1213,25.2,0,No,WR131,1380,,WR149,34,WR149,38,,WR95,2039,
Tyler Higbee,TE49,TE,LAR,1208,32.6,0,No,TE49,1331,,TE43,266,TE43,273,,TE35,2505,
Efton Chism,WR132,WR,NEP,1206,-1,0,Yes,WR140,1223,,WR82,937,WR82,1051,,,,
Ray-Ray McCloud,WR133,WR,ATL,1200,28.8,0,No,WR134,1325,,WR127,133,WR127,150,,,,
Diontae Johnson,WR134,WR,CLE,1199,29.1,0,No,WR133,1343,,WR105,325,WR105,364,,WR93,2101,
Arian Smith,WR135,WR,NYJ,1182,23.8,0,Yes,WR132,1361,,WR116,240,WR116,269,,,,
Riley Leonard,QB48,QB,IND,1173,22.9,0,Yes,QB47,821,,QB49,218,QB49,131,,,,
Noah Brown,WR136,WR,WAS,1166,29.6,1,No,WR135,1323,,WR153,32,WR153,36,,,,
Antonio Gibson,RB95,RB,NEP,1163,27.1,0,No,RB98,1257,,RB93,166,RB93,203,,RB71,2034,
Kenny Pickett,QB49,QB,CLE,1159,27.2,0,No,QB45,905,,QB46,250,QB46,150,,QB45,1300,
Trey Lance,QB50,QB,LAC,1148,25.2,0,No,QB53,584,,QB57,132,QB57,79,,,,
Will Dissly,TE50,TE,LAC,1127,29.1,1,No,TE51,1247,,TE47,119,TE48,122,,,,
Tyler Goodson,RB96,RB,IND,1124,24.7,0,No,RB95,1288,,,,,,,,,
2028 Late 4th,,PI,,1123,,0,,,1345,,,,,,,,,
Jonathan Mingo,WR137,WR,DAL,1116,24.3,0,No,WR137,1295,,WR144,64,WR144,71,,,,
Tyler Conklin,TE51,TE,LAC,1114,30,1,No,TE52,1247,,TE46,121,TE46,124,,,,
Donovan Edwards,RB97,RB,NYJ,1107,22.4,0,Yes,RB96,1277,,RB97,129,RB97,158,,,,
AJ Dillon,RB98,RB,PHI,1106,27.3,0,No,RB97,1260,,,,,,,RB77,1547,
Greg Dortch,WR138,WR,ARI,1104,27.2,1,No,WR139,1244,,WR145,62,WR145,70,,,,
Amari Cooper,WR139,WR,FA,1091,31.1,1,No,WR136,1310,,WR99,351,WR99,394,,WR120,1304,
Daniel Bellinger,TE52,TE,NYG,1091,24.9,0,No,TE53,1237,,,,,,,,,
Tommy Tremble,TE53,TE,CAR,1090,25.2,0,No,TE55,1182,,,,,,,,,
Xavier Gipson,WR140,WR,NYJ,1074,24.4,0,No,WR141,1197,,,,,,,,,
Rasheen Ali,RB99,RB,BAL,1067,24.5,0,No,RB101,1191,,RB104,30,RB104,37,,,,
Kendrick Bourne,WR141,WR,NEP,1064,30,0,No,WR138,1279,,,,,,,WR91,2155,
Khalil Herbert,RB100,RB,IND,1061,27.3,0,No,RB99,1238,,RB100,78,RB100,96,,RB76,1654,
Colby Parkinson,TE54,TE,LAR,1060,26.6,0,No,TE50,1278,,,,,,,,,
Jamari Thrash,WR142,WR,CLE,1060,24.6,0,No,WR148,1089,,WR152,32,WR152,36,,,,
Josh Reynolds,WR143,WR,NYJ,1056,30.5,1,No,WR144,1126,,WR138,84,WR138,95,,WR84,2425,
Israel Abanikanda,RB101,RB,GBP,1046,22.8,0,No,RB102,1169,,,,,,,,,
Rondale Moore,WR144,WR,MIN,1044,25.2,0,No,WR145,1121,,,,,,,WR121,1304,
Bub Means,WR145,WR,NOS,1043,24.6,0,No,WR142,1180,,,,,,,,,
Deuce Vaughn,RB102,RB,DAL,1043,23.8,0,No,RB103,1146,,,,,,,,,
Jared Wiley,TE55,TE,KCC,1041,24.8,0,No,TE54,1183,,TE55,21,TE55,21,,,,
Raheem Mostert,RB103,RB,LVR,1023,33.3,1,No,RB107,1044,,RB91,214,RB91,262,,RB66,2247,
Elijah Higgins,TE56,TE,ARI,1021,24.8,0,No,TE57,1146,,,,,,,,,
Will Levis,QB51,QB,TEN,1016,26.1,0,No,QB48,804,,QB52,181,QB52,108,,,,
Zach Wilson,QB52,QB,MIA,1004,26,0,No,QB51,646,,QB55,143,QB55,86,,,,
Frank Gore Jr.,RB104,RB,BUF,999,23.4,0,No,RB100,1205,,,,,,,,,
Thomas Fidone,TE57,TE,NYG,997,22.9,0,Yes,TE58,1086,,TE50,59,TE50,60,,,,
Brenden Rice,WR146,WR,LAC,992,23.4,0,No,WR143,1152,,,,,,,,,
LaJohntay Wester,WR148,WR,BAL,989,23.4,0,Yes,WR146,1107,,WR140,70,WR140,79,,,,
Tyler Johnson,WR147,WR,NYJ,989,26.9,0,No,WR149,1077,,,,,,,,,
Aidan O'Connell,QB53,QB,LVR,983,26.9,0,No,QB50,672,,QB62,85,QB62,51,,,,
Demarcus Robinson,WR149,WR,SFO,980,30.9,1,No,WR151,1031,,WR133,103,WR133,115,,,,
Greg Dulcich,TE58,TE,NYG,974,25.4,0,No,TE56,1155,,,,,,,,,
Jake Bobo,WR150,WR,SEA,972,27,0,No,WR147,1101,,WR150,33,WR150,37,,,,
Zamir White,RB105,RB,LVR,971,25.9,0,No,RB105,1077,,RB99,78,RB99,96,,,,
KaVontae Turpin,WR151,WR,DAL,966,29,1,No,WR152,1026,,WR147,40,WR147,45,,,,
Hendon Hooker,QB54,QB,DET,965,27.6,0,No,QB54,575,,QB64,68,QB64,41,,,,
Cam Akers,RB106,RB,NOS,957,26.1,0,No,RB104,1128,,,,,,,,,
JuJu Smith-Schuster,WR152,WR,KCC,954,28.7,0,No,WR153,1020,,,,,,,WR123,1303,
Johnny Wilson,WR153,WR,PHI,941,24.3,0,No,WR155,1014,,WR154,30,WR154,33,,,,
Emari Demercado,RB107,RB,ARI,938,26.5,0,No,RB109,1007,,,,,,,,,
K.J. Osborn,WR154,WR,WAS,935,28.2,0,No,WR150,1040,,,,,,,,,
Brandin Cooks,WR155,WR,NOS,933,31.9,1,No,WR154,1016,,WR128,129,WR128,145,,WR86,2288,
Sincere McCormick,RB108,RB,LVR,931,24.9,0,No,RB106,1074,,RB105,29,RB105,35,,,,
Kendall Milton,RB109,RB,CIN,931,23.5,0,No,RB112,960,,,,,,,,,
Taysom Hill,TE59,TE,NOS,922,35,0,No,TE61,909,,TE48,119,TE47,123,,TE40,1957,
Olamide Zaccheaus,WR156,WR,CHI,908,28,0,No,WR158,974,,WR135,99,WR135,111,,,,
Alexander Mattison,RB110,RB,MIA,903,27.1,0,No,RB108,1011,,,,,,,RB85,1299,
Ty Chandler,RB111,RB,MIN,901,27.2,0,No,RB110,971,,RB106,21,RB106,26,,RB73,1875,
Brevin Jordan,TE60,TE,HOU,900,25,0,No,TE59,1049,,,,,,,,,
Drew Lock,QB55,QB,SEA,893,28.7,0,No,QB52,644,,QB66,58,QB66,35,,QB43,1302,
KJ Hamler,WR157,WR,BUF,888,26.1,0,No,WR157,977,,,,,,,,,
Kyle McCord,QB56,QB,PHI,888,22.9,0,Yes,QB68,253,,,,,,,,,
Nick Nash,WR158,WR,ATL,881,25,0,Yes,WR164,937,,WR124,142,WR124,159,,,,
Gardner Minshew,QB57,QB,KCC,874,29.2,0,No,QB67,375,,QB59,116,QB59,70,,,,
Isaiah Hodgins,WR159,WR,SFO,872,26.8,0,No,WR167,895,,,,,,,,,
Allen Lazard,WR160,WR,NYJ,867,29.6,1,No,WR160,959,,WR146,62,WR146,69,,WR103,1679,
A.T. Perry,WR161,WR,DEN,861,25.8,0,No,WR169,886,,,,,,,,,
Jimmy Garoppolo,QB58,QB,LAR,860,33.8,0,No,QB94,96,,QB40,507,QB40,304,,,,
Terrace Marshall,WR162,WR,PHI,859,25.2,0,No,WR156,983,,,,,,,,,
Samaje Perine,RB112,RB,CIN,858,29.9,0,No,RB114,916,,RB102,57,RB102,70,,,,
Mason Tipton,WR163,WR,NOS,855,24.8,0,No,WR159,968,,WR155,28,WR155,31,,,,
Zay Jones,WR164,WR,ARI,854,30.4,0,No,WR174,835,,,,,,,WR85,2294,
Ainias Smith,WR165,WR,PHI,850,24.2,0,No,WR163,942,,,,,,,,,
Michael Carter,RB113,RB,ARI,843,26.2,0,No,RB113,925,,,,,,,RB78,1407,
Grant Calcaterra,TE61,TE,PHI,840,26.7,0,No,TE60,922,,TE57,12,TE57,12,,,,
Carson Steele,RB114,RB,KCC,839,22.8,0,No,RB111,971,,RB108,10,RB108,12,,,,
Gabriel Davis,WR166,WR,FA,833,26.3,0,No,WR161,950,,WR136,89,WR136,100,,,,
Davis Allen,TE62,TE,LAR,833,24.5,0,No,TE62,882,,,,,,,,,
David Bell,WR168,WR,CLE,831,24.6,0,No,WR162,947,,,,,,,,,
Van Jefferson,WR167,WR,TEN,831,29,1,No,WR170,884,,,,,,,WR109,1473,
Mecole Hardman,WR169,WR,GBP,825,27.4,0,No,WR176,823,,,,,,,WR110,1360,
Jaheim Bell,TE63,TE,NEP,822,24.1,0,No,TE63,812,,,,,,,,,
Bo Melton,WR170,WR,GBP,817,26.2,0,No,WR168,895,,,,,,,,,
Derius Davis,WR171,WR,LAC,801,24.9,0,No,WR165,896,,,,,,,,,
Trey Sermon,RB115,RB,PIT,799,26.5,0,No,RB117,838,,,,,,,,,
Jake Browning,QB59,QB,CIN,796,29.3,0,No,QB56,411,,QB56,134,QB56,81,,,,
Tyler Scott,WR172,WR,CHI,788,23.8,0,No,WR175,831,,,,,,,,,
Marquez Valdes-Scantling,WR173,WR,SEA,786,30.8,1,No,WR166,895,,WR148,39,WR148,44,,WR102,1734,
Mack Hollins,WR174,WR,NEP,778,31.9,0,No,WR172,867,,,,,,,,,
Mason Rudolph,QB60,QB,PIT,771,30,0,No,QB57,394,,QB58,128,QB58,76,,,,
Tyler Badie,RB116,RB,DEN,768,25.5,0,No,RB115,867,,,,,,,,,
Tim Patrick,WR175,WR,DET,767,31.7,0,No,WR173,847,,WR156,26,WR156,30,,,,
Jeremy Ruckert,TE64,TE,NYJ,764,25,0,No,TE65,786,,TE56,18,TE56,19,,,,
Sione Vaki,RB117,RB,DET,762,24,0,No,RB116,846,,,,,,,,,
Chris Brooks,RB118,RB,GBP,760,25.6,0,No,RB118,834,,RB109,9,RB109,11,,,,
Skyy Moore,WR176,WR,KCC,751,24.9,0,No,WR171,879,,WR143,66,WR143,74,,WR116,1307,
Donovan Peoples-Jones,WR177,WR,NOS,748,26.4,0,No,WR177,776,,,,,,,,,
Pierre Strong Jr.,RB119,RB,CLE,743,26.6,0,No,RB119,818,,,,,,,,,
Brock Wright,TE65,TE,DET,725,26.7,0,No,TE66,749,,,,,,,,,
Kenny McIntosh,RB120,RB,SEA,712,25.4,0,No,RB121,762,,,,,,,,,
Hassan Haskins,RB121,RB,LAC,683,25.7,0,No,RB120,769,,,,,,,,,
Luke Lachey,TE66,TE,HOU,673,24.1,0,Yes,TE64,799,,,,,,,TE42,1306,
Jelani Woods,TE67,TE,IND,672,26.8,0,No,TE67,700,,,,,,,,,
Irv Smith,TE68,TE,HOU,648,27,0,No,TE70,608,,,,,,,,,
Tylan Wallace,WR178,WR,BAL,625,26.2,0,No,WR178,709,,,,,,,,,
Clyde Edwards-Helaire,RB122,RB,NOS,610,26.3,0,No,RB125,686,,RB107,13,RB107,16,,,,
Stetson Bennett,QB61,QB,LAR,608,27.8,0,No,QB73,219,,QB60,107,QB60,64,,,,
Treylon Burks,WR179,WR,TEN,601,25.4,0,No,WR179,686,,WR142,67,WR142,75,,,,
Julius Chestnut,RB123,RB,TEN,594,24.8,0,No,RB122,744,,,,,,,,,
Harrison Bryant,TE69,TE,PHI,588,27.3,0,No,TE68,677,,,,,,,,,
Tyler Huntley,QB62,QB,MIA,588,27.5,0,No,QB58,380,,,,,,,,,
Cam Miller,QB63,QB,LVR,587,24.1,0,Yes,QB96,75,,QB48,226,QB48,135,,,,
Zack Moss,RB124,RB,FA,584,27.6,1,No,RB123,699,,RB95,157,RB95,192,,,,
Tyson Bagent,QB64,QB,CHI,576,25.2,0,No,QB71,228,,QB68,23,QB68,14,,,,
Foster Moreau,TE70,TE,NOS,567,28.2,0,No,TE69,641,,,,,,,,,
Erik Ezukanma,WR180,WR,MIA,554,25.5,0,No,WR180,665,,,,,,,,,
Eric Gray,RB125,RB,NYG,539,25.8,0,No,RB124,693,,,,,,,,,
Rakim Jarrett,WR181,WR,TBB,529,24.5,0,No,WR181,641,,,,,,,,,
Trayveon Williams,RB126,RB,FA,517,27.8,0,No,RB129,470,,,,,,,,,
Dylan Laube,RB127,RB,LVR,507,25.6,0,No,RB126,649,,,,,,,,,
Jalen Reagor,WR182,WR,LAC,486,26.6,0,No,WR182,572,,,,,,,,,
Lil'Jordan Humphrey,WR183,WR,NYG,461,27.3,0,No,WR183,519,,,,,,,,,
Josh Oliver,TE71,TE,MIN,433,28.4,0,No,TE73,478,,,,,,,,,
Austin Hooper,TE72,TE,NEP,432,30.8,0,No,TE75,441,,,,,,,,,
Stone Smartt,TE73,TE,NYJ,423,26.8,0,No,TE71,575,,,,,,,,,
Cedrick Wilson,WR184,WR,NOS,416,29.7,0,No,WR191,424,,,,,,,,,
Josh Whyle,TE74,TE,TEN,410,25.9,0,No,TE72,502,,,,,,,,,
Jake Haener,QB65,QB,NOS,408,26.4,0,No,QB90,149,,,,,,,,,
Malik Heath,WR185,WR,GBP,402,25.4,0,No,WR188,469,,,,,,,,,
Justin Watson,WR186,WR,HOU,398,29.3,0,No,WR184,502,,,,,,,,,