Rk,Player,Tm,FantPos,Age,G,GS,Cmp,Att,Yds,TD,Int,Att,Yds,Y/A,TD,Tgt,Rec,Yds,Y/R,TD,Fmb,FL,TD,2PM,2PP,FantPt,PPR,DKPt,FDPt,VBD,PosRank,OvRank,-9999
1,Jonathan Taylor,IND,RB,26,3,3,0,0,0,0,0,60,338,5.63,3,9,8,93,11.63,1,0,0,4,,,67,75.1,78.1,71.1,39,1,1,TaylJo02
2,Lamar Jackson,BAL,QB,28,3,3,54,75,722,9,0,15,118,7.87,1,0,0,0,,0,1,0,1,,,83,82.7,88.7,82.7,33,1,2,JackLa00
3,James Cook,BUF,RB,26,3,3,0,0,0,0,0,53,284,5.36,4,9,9,71,7.89,0,1,0,4,,,60,68.5,71.5,64.0,32,2,3,CookJa01
4,Josh Allen,BUF,QB,29,3,3,69,99,755,5,0,24,114,4.75,2,0,0,0,,0,1,0,2,,,74,73.6,79.6,73.6,24,2,4,AlleJo02
5,Amon-Ra St. Brown,DET,WR,26,3,3,0,0,0,0,0,2,7,3.50,0,25,20,237,11.85,4,0,0,4,,,48,68.4,71.4,58.4,24,1,5,StxxAm00
6,Rome Odunze,CHI,WR,23,3,3,0,0,0,0,0,0,0,,0,27,16,227,14.19,4,0,0,4,,,47,62.7,65.7,54.7,22,2,6,OdunRo00
7,Tre Tucker,LVR,WR,24,3,3,0,0,0,0,0,2,11,5.50,0,20,13,211,16.23,4,0,0,4,,,46,59.2,62.2,52.7,22,3,7,TuckTr00
8,Caleb Williams,CHI,QB,24,3,3,59,93,715,7,1,16,97,6.06,1,0,0,0,,0,0,0,1,,,70,70.3,74.3,71.3,21,3,8,WillCa03
9,Bijan Robinson,ATL,RB,23,3,3,0,0,0,0,0,47,239,5.09,0,18,14,164,11.71,1,0,0,1,,,46,60.3,66.3,53.3,20,3,9,RobiBi01
10,Puka Nacua,LAR,WR,24,3,3,0,0,0,0,0,3,52,17.33,1,35,29,333,11.48,0,0,0,1,,,45,73.5,76.5,59.0,20,4,10,NacuPu00
11,Daniel Jones,IND,QB,28,3,3,63,88,816,3,0,17,55,3.24,3,0,0,0,,0,0,0,3,,,68,68.1,71.1,68.1,19,4,11,JoneDa05
12,Javonte Williams,DAL,RB,25,3,3,0,0,0,0,0,43,227,5.28,3,15,13,59,4.54,0,1,1,3,,,45,57.6,61.6,51.1,18,6,12,WillJa10
13,Christian McCaffrey,SFO,RB,29,3,3,0,0,0,0,0,52,176,3.38,0,32,25,213,8.52,1,0,0,1,,,45,69.9,75.9,57.4,18,4,13,McCaCh01
14,David Montgomery,DET,RB,28,3,0,0,0,0,0,0,34,233,6.85,3,6,6,35,5.83,0,0,0,3,,,45,50.8,53.8,47.8,18,5,14,MontDa01
15,Quentin Johnston,LAC,WR,24,3,3,0,0,0,0,0,1,-2,-2.00,0,24,14,239,17.07,3,0,0,3,,,42,55.7,58.7,48.7,18,5,15,JohnQu02
16,Jahmyr Gibbs,DET,RB,23,3,3,0,0,0,0,0,43,180,4.19,3,19,18,73,4.06,0,0,0,3,,,43,61.3,64.3,52.3,17,7,16,GibbJa01
17,Jalen Hurts,PHI,QB,27,3,3,55,77,479,3,0,32,117,3.66,4,0,0,0,,0,2,1,4,,,65,64.9,71.9,64.9,16,5,17,HurtJa00
18,Travis Etienne,JAX,RB,26,3,3,0,0,0,0,0,46,270,5.87,1,8,5,31,6.20,1,0,0,2,,,42,47.1,50.1,44.6,16,8,18,EtieTr00
19,J.K. Dobbins,DEN,RB,27,3,2,0,0,0,0,0,41,222,5.41,3,6,4,14,3.50,0,0,0,3,,,42,45.6,48.6,43.6,15,9,19,DobbJK00
20,De'Von Achane,MIA,RB,24,3,3,0,0,0,0,0,30,147,4.90,0,23,18,141,7.83,2,0,0,2,,,41,58.8,64.8,49.8,15,10,20,AchaDe00
21,Derrick Henry,BAL,RB,31,3,3,0,1,0,0,0,41,242,5.90,3,2,2,20,10.00,0,3,2,3,,,40,42.2,47.2,41.2,14,11,21,HenrDe00
22,Keenan Allen,LAC,WR,33,3,1,0,0,0,0,0,0,0,,0,28,19,194,10.21,3,0,0,3,,,37,56.4,59.4,46.9,14,6,22,AlleKe00
23,Tucker Kraft,GNB,TE,25,3,3,0,0,0,0,0,1,3,3.00,0,15,11,169,15.36,2,0,0,2,,,29,40.2,43.2,34.7,14,1,23,KrafTu00
24,Justin Herbert,LAC,QB,27,3,3,72,108,860,6,1,18,69,3.83,0,0,0,0,,0,2,1,0,,,61,61.3,66.3,62.3,13,6,24,HerbJu00
25,Patrick Mahomes,KAN,QB,30,3,3,62,105,669,3,1,18,125,6.94,2,0,0,0,,0,2,0,2,,,61,61.3,68.3,62.3,13,7,25,MahoPa00
26,Emeka Egbuka,TAM,WR,23,3,3,0,0,0,0,0,1,9,9.00,0,21,14,181,12.93,3,0,0,3,,,37,51.0,54.0,44.0,13,8,26,EgbuEm01
27,Malik Nabers,NYG,WR,22,3,3,0,0,0,0,0,0,0,,0,32,16,251,15.69,2,0,0,2,,,37,53.1,56.1,45.1,13,7,27,NabeMa00
28,Jaxon Smith-Njigba,SEA,WR,23,3,3,0,0,0,0,0,0,0,,0,29,22,323,14.68,1,2,1,1,,,36,58.3,62.3,47.3,13,9,28,SmitJa06
29,Hunter Henry,NWE,TE,31,3,3,0,0,0,0,0,0,0,,0,22,13,165,12.69,2,0,0,2,,,29,41.5,44.5,35.0,13,2,29,HenrHu00
30,Baker Mayfield,TAM,QB,30,3,3,61,99,615,6,0,12,116,9.67,0,0,0,0,,0,2,0,0,,,60,60.2,66.2,60.2,12,9,30,MayfBa00
31,Drake Maye,NWE,QB,23,3,3,77,106,785,5,2,21,87,4.14,1,1,1,2,2.00,0,2,1,1,,,60,61.3,67.3,62.8,12,8,31,MayeDr00
32,Kyren Williams,LAR,RB,25,3,3,0,0,0,0,0,55,226,4.11,1,7,5,35,7.00,1,0,0,2,,,38,43.1,46.1,40.6,12,12,32,WillKy02
33,Dalton Kincaid,BUF,TE,26,3,2,0,0,0,0,0,0,0,,0,16,13,151,11.62,2,1,0,2,,,27,40.1,43.1,33.6,12,3,33,KincDa00
34,Kenneth Walker III,SEA,RB,25,3,3,0,0,0,0,0,39,163,4.18,3,5,5,29,5.80,0,0,0,3,,,37,42.2,45.2,39.7,11,13,34,WalkKe00
35,Garrett Wilson,NYJ,WR,25,3,3,0,0,0,0,0,0,0,,0,30,21,229,10.90,2,1,0,2,,,35,55.9,58.9,45.4,11,10,35,WilsGa00
36,Chuba Hubbard,CAR,RB,26,3,3,0,0,0,0,0,43,168,3.91,0,14,10,74,7.40,2,0,0,2,,,36,46.2,49.2,41.2,10,14,36,HubbCh01
37,Davante Adams,LAR,WR,33,3,3,0,0,0,0,0,0,0,,0,29,13,213,16.38,2,0,0,2,,,33,46.3,49.3,39.8,10,11,37,AdamDa01
38,Zach Ertz,WAS,TE,35,3,3,0,0,0,0,0,0,0,,0,16,12,128,10.67,2,0,0,2,,,25,36.8,39.8,30.8,10,4,38,ErtzZa00
39,Jared Goff,DET,QB,31,3,3,74,95,761,7,1,6,11,1.83,0,0,0,0,,0,1,0,0,,,58,57.5,61.5,58.5,9,10,39,GoffJa00
40,Josh Jacobs,GNB,RB,27,3,3,0,0,0,0,0,58,180,3.10,2,10,6,48,8.00,0,1,0,2,,,35,40.8,43.8,37.8,9,17,40,JacoJo01
41,Saquon Barkley,PHI,RB,28,3,3,0,0,0,0,0,58,194,3.34,2,12,10,39,3.90,0,0,0,2,,,35,45.3,48.3,40.3,9,15,41,BarkSa00
42,Jordan Mason,MIN,RB,26,3,1,0,0,0,0,0,40,214,5.35,2,4,3,15,5.00,0,0,0,2,,,35,37.9,40.9,36.4,9,16,42,MasoJo00
43,Trey McBride,ARI,TE,26,3,3,0,0,0,0,0,0,0,,0,24,17,182,10.71,1,0,0,1,,,24,41.2,44.2,32.7,9,5,43,McBrTr01
44,Juwan Johnson,NOR,TE,29,3,3,0,0,0,0,0,0,0,,0,28,19,176,9.26,1,0,0,1,,,24,42.6,45.6,33.1,9,6,44,JohnJu02
45,Jaylen Warren,PIT,RB,27,3,3,0,0,0,0,0,43,132,3.07,0,12,11,142,12.91,1,0,0,1,,,33,44.4,50.4,38.9,8,18,45,WarrJa01
46,Michael Pittman Jr.,IND,WR,28,3,3,0,0,0,0,0,0,0,,0,19,16,193,12.06,2,0,0,2,,,31,47.3,50.3,39.3,8,12,46,PittMi01
47,Bucky Irving,TAM,RB,23,3,3,0,0,0,0,0,56,174,3.11,0,14,14,91,6.50,1,0,0,1,,,33,46.5,49.5,39.5,7,19,47,IrviBu00
48,Courtland Sutton,DEN,WR,30,3,3,0,0,0,0,0,0,0,,0,21,13,185,14.23,2,0,0,2,,,31,43.5,46.5,37.0,7,13,48,SuttCo00
49,Zay Flowers,BAL,WR,25,3,3,0,0,0,0,0,3,12,4.00,0,23,16,231,14.44,1,0,0,1,,,30,46.3,49.3,38.3,7,14,49,FlowZa00
50,Mark Andrews,BAL,TE,30,3,3,0,0,0,0,0,1,2,2.00,0,10,8,98,12.25,2,0,0,2,,,22,30.0,30.0,26.0,7,7,50,AndrMa00
51,Ja'Marr Chase,CIN,WR,25,3,3,0,0,0,0,0,1,9,9.00,0,27,21,241,11.48,1,1,1,1,,,29,50.0,54.0,39.5,6,16,51,ChasJa00
52,Deebo Samuel,WAS,WR,29,3,0,0,0,0,0,0,4,37,9.25,1,21,16,132,8.25,1,0,0,2,,,29,44.9,47.9,36.9,6,17,52,SamuDe00
53,Tyquan Thornton,KAN,WR,25,3,2,0,0,0,0,0,0,0,,0,18,9,171,19.00,2,0,0,2,,,29,38.1,41.1,33.6,6,15,53,ThorTy00
54,Cam Skattebo,NYG,RB,23,3,0,0,0,0,0,0,23,102,4.43,2,13,10,87,8.70,0,0,0,2,,,31,40.9,43.9,35.9,5,20,54,SkatCa00
55,George Pickens,DAL,WR,24,3,3,0,0,0,0,0,0,0,,0,22,13,166,12.77,2,0,0,2,,,29,41.6,44.6,35.1,5,18,55,PickGe00
56,Wan'Dale Robinson,NYG,WR,24,3,2,0,0,0,0,0,0,0,,0,22,15,223,14.87,1,0,0,1,,,28,43.3,46.3,35.8,5,19,56,RobiWa01
57,Ricky Pearsall,SFO,WR,25,3,3,0,0,0,0,0,1,-4,-4.00,0,24,16,281,17.56,0,0,0,0,,,28,43.7,46.7,35.7,5,21,57,PearRi00
58,Nico Collins,HOU,WR,26,3,3,0,0,0,0,0,0,0,,0,25,14,181,12.93,2,1,1,2,,,28,42.1,46.1,35.1,5,20,58,CollNi00
59,Brock Bowers,LVR,TE,23,3,1,0,0,0,0,0,0,0,,0,21,14,179,12.79,0,0,0,0,1,,20,33.9,36.9,26.9,5,8,59,BoweBr01
60,Tyler Warren,IND,TE,23,3,3,0,0,0,0,0,2,3,1.50,0,21,14,193,13.79,0,0,0,0,,,20,33.6,36.6,26.6,5,9,60,WarrTy00
61,Travis Kelce,KAN,TE,36,3,3,0,0,0,0,0,0,0,,0,17,10,134,13.40,1,0,0,1,,,19,29.4,32.4,24.4,5,10,61,KelcTr00
62,Jake Ferguson,DAL,TE,26,3,2,0,0,0,0,0,0,0,,0,32,27,183,6.78,0,0,0,0,,,18,45.3,48.3,31.8,4,11,62,FergJa00
63,Tony Pollard,TEN,RB,28,3,3,0,0,0,0,0,54,197,3.65,1,6,3,43,14.33,0,1,1,1,,,28,31.0,35.0,29.5,3,21,63,PollTo00
64,Justin Jefferson,MIN,WR,26,3,3,0,0,0,0,0,1,4,4.00,0,20,12,200,16.67,1,0,0,1,,,26,38.4,41.4,32.4,3,22,64,JeffJu00
65,Jaylen Waddle,MIA,WR,27,3,3,0,0,0,0,0,0,0,,0,17,14,137,9.79,2,0,0,2,,,26,39.7,42.7,32.7,3,24,65,WaddJa00
66,D.K. Metcalf,PIT,WR,28,3,3,0,0,0,0,0,0,0,,0,17,10,135,13.50,2,0,0,2,,,26,35.5,38.5,30.5,3,25,66,MetcDK00
67,Tyreek Hill,MIA,WR,31,3,3,0,0,0,0,0,0,0,,0,23,15,198,13.20,1,0,0,1,,,26,40.8,43.8,33.3,3,23,67,HillTy00
68,Omarion Hampton,LAC,RB,22,3,3,0,0,0,0,0,42,142,3.38,1,11,9,73,8.11,0,1,0,1,,,28,36.5,39.5,32.0,2,22,68,HampOm00
69,Alvin Kamara,NOR,RB,30,3,3,0,0,0,0,0,50,186,3.72,1,10,9,47,5.22,0,1,1,1,,,27,36.3,40.3,31.8,2,23,69,KamaAl00
70,Calvin Austin III,PIT,WR,26,3,3,0,0,0,0,0,0,0,,0,15,8,126,15.75,2,0,0,2,,,25,32.6,35.6,28.6,2,26,70,AustCa00
71,Tory Horton,SEA,WR,23,3,0,0,0,0,0,0,0,0,,0,8,5,64,12.80,2,0,0,3,,,24,29.4,29.4,26.9,2,27,71,HortTo00
72,Jameson Williams,DET,WR,24,3,3,0,0,0,0,0,1,3,3.00,0,12,8,174,21.75,1,0,0,1,,,24,31.7,34.7,27.7,1,28,72,WillJa11
73,Aaron Rodgers,PIT,QB,42,3,3,56,86,586,7,3,6,3,0.50,0,0,0,0,,0,0,0,0,,1,48,47.7,53.7,50.7,,12,73,RodgAa00
74,Jordan Love,GNB,QB,27,3,3,53,78,663,5,1,10,34,3.40,0,0,0,0,,0,0,0,0,,,48,47.9,51.9,48.9,,11,74,LoveJo03
75,Geno Smith,LVR,QB,35,3,3,67,106,831,4,4,9,35,3.89,0,0,0,0,,0,0,0,0,,1,47,46.7,53.7,50.7,,13,75,SmitGe00
76,Russell Wilson,NYG,QB,37,3,3,65,110,778,3,3,16,94,5.88,0,0,0,0,,0,2,0,0,,,47,46.5,52.5,49.5,,14,76,WilsRu00
77,Kyler Murray,ARI,QB,28,3,3,60,89,542,4,1,20,107,5.35,0,0,0,0,,0,0,0,0,,,46,46.4,53.4,47.4,,15,77,MurrKy00
78,Spencer Rattler,NOR,QB,25,3,3,80,119,639,4,1,10,53,5.30,0,0,0,0,,0,1,0,0,,,45,44.9,48.9,45.9,,16,78,RattSp00
79,Matthew Stafford,LAR,QB,37,3,3,63,95,739,5,2,6,-8,-1.33,0,0,0,0,,0,2,0,0,,,45,44.8,49.8,46.8,,17,,StafMa00
80,Dak Prescott,DAL,QB,32,3,3,90,126,800,3,3,4,20,5.00,0,0,0,0,,0,1,0,0,,1,42,42.0,48.0,45.0,,18,,PresDa01
81,Bo Nix,DEN,QB,25,3,3,61,95,535,5,3,19,71,3.74,0,0,0,0,,0,1,1,0,,,41,40.5,47.5,43.5,,20,,NixxBo00
82,Bryce Young,CAR,QB,24,3,3,69,114,603,4,3,9,50,5.56,1,0,0,0,,0,2,2,1,,,41,41.1,49.1,44.1,,19,,YounBr01
83,Jayden Daniels,WAS,QB,25,2,2,43,72,433,3,0,18,85,4.72,0,0,0,0,,0,0,0,0,,1,40,39.8,42.8,39.8,,21,,DaniJa02
84,Sam Darnold,SEA,QB,28,3,3,52,74,663,4,2,2,14,7.00,0,0,0,0,,0,1,1,0,,,38,37.9,43.9,39.9,,22,,DarnSa00
85,Trevor Lawrence,JAX,QB,26,3,3,63,113,671,4,4,8,25,3.13,0,0,0,0,,0,1,0,0,,,37,37.3,44.3,41.3,,23,,LawrTr00
86,Tua Tagovailoa,MIA,QB,27,3,3,62,89,575,5,4,3,17,5.67,0,0,0,0,,0,2,1,0,,1,37,36.7,44.7,40.7,,24,,TagoTu00
87,Mac Jones,SFO,QB,27,2,2,53,80,563,4,1,7,5,0.71,0,0,0,0,,0,2,1,0,,,35,35.0,40.0,36.0,,25,,JoneMa05
88,Justin Fields,NYJ,QB,26,2,2,19,33,245,1,0,17,97,5.71,2,0,0,0,,0,2,1,2,,,34,33.5,34.5,33.5,,27,,FielJu00
89,C.J. Stroud,HOU,QB,24,3,3,57,89,599,2,3,13,81,6.23,0,0,0,0,,0,0,0,0,,,34,34.1,40.1,37.1,,26,,StroCJ00
90,Michael Penix,ATL,QB,25,3,3,58,99,605,1,2,9,29,3.22,1,0,0,0,,0,1,0,1,,,33,33.1,38.1,35.1,,28,,PeniMi00
91,James Conner,ARI,RB,30,3,3,0,0,0,0,0,32,95,2.97,1,9,8,38,4.75,1,1,0,2,,,25,33.3,33.3,29.3,,24,,ConnJa00
92,Jacory Croskey-Merritt,WAS,RB,24,3,0,0,0,0,0,0,22,125,5.68,2,3,1,5,5.00,0,0,0,2,,,25,26.0,29.0,25.5,,26,,CrosJa00
93,Joe Flacco,CLE,QB,40,3,3,77,126,631,2,4,3,14,4.67,0,0,0,0,,0,1,1,0,,,25,24.6,32.6,28.6,,31,,FlacJo00
94,J.J. McCarthy,MIN,QB,22,2,2,24,41,301,2,3,7,50,7.14,1,0,0,0,,0,3,1,1,,1,25,25.0,32.0,28.0,,29,,McCaJJ00
95,D'Andre Swift,CHI,RB,26,3,3,0,0,0,0,0,42,149,3.55,1,12,9,63,7.00,0,1,1,1,,,25,34.2,38.2,29.7,,25,,SwifDA00
96,Tyrod Taylor,NYJ,QB,36,2,1,33,47,253,3,1,11,69,6.27,0,0,0,0,,0,1,1,0,,,25,25.0,27.0,26.0,,30,,TaylTy00
97,Jake Browning,CIN,QB,29,2,1,40,59,381,3,5,2,4,2.00,1,0,0,0,,0,0,0,1,,,24,23.6,31.6,28.6,,33,,BrowJa08
98,Breece Hall,NYJ,RB,24,3,3,0,0,0,0,0,38,157,4.13,0,13,8,78,9.75,0,0,0,0,,,24,31.5,34.5,27.5,,27,,HallBr03
99,Cam Ward,TEN,QB,23,3,3,54,99,506,2,1,7,20,2.86,0,0,0,0,,0,2,2,0,,,24,24.2,30.2,25.2,,32,,WardCa00
100,Elic Ayomanor,TEN,WR,22,3,3,0,0,0,0,0,0,0,,0,18,10,107,10.70,2,0,0,2,,,23,32.7,35.7,27.7,,31,,AyomEl00
101,Nick Chubb,HOU,RB,30,3,3,0,0,0,0,0,34,141,4.15,1,7,5,31,6.20,0,0,0,1,,,23,28.2,31.2,25.7,,28,,ChubNi00
102,DeAndre Hopkins,BAL,WR,33,3,0,0,0,0,0,0,0,0,,0,6,5,112,22.40,2,0,0,2,,,23,28.2,31.2,25.7,,29,,HopkDe00
103,Quinshon Judkins,CLE,RB,22,2,2,0,0,0,0,0,28,155,5.54,1,5,4,11,2.75,0,0,0,1,,,23,26.6,29.6,24.6,,29,,JudkQu00
104,Jakobi Meyers,LVR,WR,29,3,3,0,0,0,0,0,0,0,,0,26,17,228,13.41,0,0,0,0,,,23,39.8,42.8,31.3,,30,,MeyeJa01
105,Bhayshul Tuten,JAX,RB,23,3,0,0,0,0,0,0,17,74,4.35,1,3,2,32,16.00,1,0,0,2,,,23,24.6,24.6,23.6,,30,,TuteBh00
106,Keon Coleman,BUF,WR,22,3,3,0,0,0,0,0,0,0,,0,18,14,158,11.29,1,0,0,1,,,22,35.8,38.8,28.8,,34,,ColeKe02
107,CeeDee Lamb,DAL,WR,26,3,3,0,0,0,0,0,0,0,,0,24,16,222,13.88,0,0,0,0,,,22,38.2,41.2,30.2,,32,,LambCe00
108,Tetairoa McMillan,CAR,WR,22,3,3,0,0,0,0,0,0,0,,0,27,14,216,15.43,0,0,0,0,,,22,35.6,38.6,28.6,,35,,McMiTe00
109,Cedric Tillman,CLE,WR,25,3,3,0,0,0,0,0,0,0,,0,18,10,100,10.00,2,0,0,2,,,22,32.0,35.0,27.0,,33,,TillCe01
110,Kayshon Boutte,NWE,WR,23,3,1,0,0,0,0,0,0,0,,0,12,9,147,16.33,1,0,0,1,,,21,29.7,32.7,25.2,,38,,BoutKa00
111,Troy Franklin,DEN,WR,22,3,2,0,0,0,0,0,1,11,11.00,0,19,14,141,10.07,1,0,0,1,,,21,35.2,38.2,28.2,,36,,FranTr00
112,Ashton Jeanty,LVR,RB,22,3,3,0,0,0,0,0,47,144,3.06,1,6,5,3,0.60,0,0,0,1,,,21,25.7,28.7,23.2,,31,,JeanAs00
113,Rhamondre Stevenson,NWE,RB,27,3,3,0,0,0,0,0,22,87,3.95,0,11,10,138,13.80,0,2,2,0,1,,21,30.5,35.5,25.5,,32,,StevRh00
114,KaVontae Turpin,DAL,WR,29,3,0,0,0,0,0,0,5,19,3.80,0,9,8,129,16.13,1,0,0,1,,,21,28.8,31.8,24.8,,37,,TurpKa00
115,A.J. Brown,PHI,WR,28,3,3,0,0,0,0,0,0,0,,0,19,12,144,12.00,1,0,0,1,,,20,32.4,35.4,26.4,,39,,BrowAJ00
116,Chase Brown,CIN,RB,25,3,3,0,0,0,0,0,47,93,1.98,1,11,8,43,5.38,0,1,0,1,,,20,27.6,27.6,23.6,,33,,BrowCh10
117,Mike Evans,TAM,WR,32,3,3,0,0,0,0,0,0,0,,0,27,14,140,10.00,1,0,0,1,,,20,34.0,37.0,27.0,,41,,EvanMi00
118,Marvin Harrison Jr.,ARI,WR,23,3,3,0,0,0,0,0,0,0,,0,17,10,142,14.20,1,0,0,1,,,20,30.2,33.2,25.2,,40,,HarrMa09
119,Marcus Mariota,WAS,QB,32,1,1,15,21,207,1,0,6,40,6.67,1,0,0,0,,0,1,1,1,,,20,20.3,21.3,20.3,,34,,MariMa01
120,Dyami Brown,JAX,WR,26,3,3,0,0,0,0,0,3,15,5.00,0,14,10,116,11.60,1,0,0,1,,,19,29.1,32.1,24.1,,42,,BrowDy00
121,D.J. Moore,CHI,WR,28,3,3,0,0,0,0,0,6,15,2.50,0,16,12,135,11.25,1,1,1,1,,,19,31.0,35.0,25.0,,43,,MoorD.00
122,Hunter Renfrow,CAR,WR,30,3,0,0,0,0,0,0,0,0,,0,19,11,65,5.91,2,0,0,2,,,19,29.5,29.5,24.0,,46,,RenfHu00
123,Rashid Shaheed,NOR,WR,27,3,3,0,0,0,0,0,0,0,,0,20,14,127,9.07,1,0,0,1,,,19,32.7,35.7,25.7,,45,,ShahRa00
124,DeVonta Smith,PHI,WR,27,3,3,0,0,0,0,0,0,0,,0,18,15,129,8.60,1,0,0,1,,,19,33.9,36.9,26.4,,44,,SmitDe07
125,Romeo Doubs,GNB,WR,25,3,3,0,0,0,0,0,0,0,,0,11,7,121,17.29,1,0,0,1,,,18,25.1,28.1,21.6,,48,,DoubRo00
126,Khalil Shakir,BUF,WR,25,3,2,0,0,0,0,0,0,0,,0,15,11,121,11.00,1,0,0,1,,,18,29.1,32.1,23.6,,49,,ShakKh00
127,Brian Thomas,JAX,WR,23,3,3,0,0,0,0,0,1,9,9.00,1,25,7,115,16.43,0,0,0,1,,,18,25.4,28.4,21.9,,47,,ThomBr06
128,Devontez Walker,BAL,WR,24,3,1,0,0,0,0,0,0,0,,0,3,3,60,20.00,2,0,0,2,,,18,21.0,21.0,19.5,,50,,WalkDe01
129,Tyler Allgeier,ATL,RB,25,3,1,0,0,0,0,0,27,104,3.85,1,3,2,4,2.00,0,0,0,1,,,17,18.8,21.8,17.8,,37,,AllgTy00
130,Trey Benson,ARI,RB,23,3,0,0,0,0,0,0,21,125,5.95,0,11,8,45,5.63,0,0,0,0,,,17,25.0,28.0,21.0,,36,,BensTr01
131,Marquise Brown,KAN,WR,28,3,3,0,0,0,0,0,0,0,,0,27,19,171,9.00,0,0,0,0,,,17,36.1,39.1,26.6,,51,,BrowMa04
132,Luther Burden,CHI,WR,22,3,0,0,0,0,0,0,1,7,7.00,0,6,5,103,20.60,1,0,0,1,,,17,22.0,25.0,19.5,,53,,BurdLu00
133,Blake Corum,LAR,RB,25,3,0,0,0,0,0,0,14,99,7.07,1,1,1,14,14.00,0,0,0,1,,,17,18.3,18.3,17.8,,35,,CoruBl00
134,Jauan Jennings,SFO,WR,28,2,2,0,0,0,0,0,0,0,,0,15,7,105,15.00,1,0,0,1,,,17,23.5,26.5,20.0,,54,,JennJa00
135,Chris Olave,NOR,WR,25,3,3,0,0,0,0,0,0,0,,0,37,23,165,7.17,0,0,0,0,,,17,39.5,42.5,28.0,,55,,OlavCh00
136,Alec Pierce,IND,WR,25,3,3,0,0,0,0,0,0,0,,0,13,9,171,19.00,0,0,0,0,,,17,26.1,29.1,21.6,,52,,PierAl00
137,Brock Purdy,SFO,QB,26,1,1,26,35,277,2,2,5,17,3.40,0,0,0,0,,0,0,0,0,,,17,16.8,18.8,18.8,,35,,PurdBr00
138,Dylan Sampson,CLE,RB,21,3,1,0,0,0,0,0,17,37,2.18,0,11,11,77,7.00,1,0,0,1,,,17,28.4,28.4,22.9,,34,,SampDy00
139,Joe Burrow,CIN,QB,29,2,2,21,36,189,2,0,2,3,1.50,0,0,0,0,,0,0,0,0,,,16,15.9,15.9,15.9,,36,,BurrJo01
140,Tee Higgins,CIN,WR,26,3,3,0,0,0,0,0,0,0,,0,14,7,104,14.86,1,0,0,1,,,16,23.4,26.4,19.9,,56,,HiggTe00
141,Kareem Hunt,KAN,RB,30,3,0,0,0,0,0,0,23,81,3.52,1,5,4,23,5.75,0,1,0,1,,,16,20.4,20.4,18.4,,38,,HuntKa00
142,Luke McCaffrey,WAS,WR,24,3,0,0,0,0,0,0,0,0,,0,4,4,75,18.75,1,0,0,1,1,,16,19.5,19.5,17.5,,58,,McCaLu00
143,Ladd McConkey,LAC,WR,24,3,2,0,0,0,0,0,0,0,,0,21,15,163,10.87,0,0,0,0,,,16,31.3,34.3,23.8,,57,,McCoLa00
144,Jeremy McNichols,WAS,RB,30,3,0,0,0,0,0,0,8,103,12.88,1,0,0,0,,0,0,0,1,,,16,16.3,19.3,16.3,,39,,McNiJe00
145,Miles Sanders,DAL,RB,28,3,0,0,0,0,0,0,18,109,6.06,1,6,6,13,2.17,0,1,1,1,,,16,22.2,26.2,19.2,,40,,SandMi01
146,Rachaad White,TAM,RB,26,3,0,0,0,0,0,0,17,91,5.35,1,4,4,5,1.25,0,0,0,1,,,16,19.6,19.6,17.6,,41,,WhitRa01
147,Rashod Bateman,BAL,WR,26,3,2,0,0,0,0,0,0,0,,0,15,9,88,9.78,1,0,0,1,,,15,23.8,23.8,19.3,,62,,BateRa00
148,Kenneth Gainwell,PIT,RB,26,3,0,0,0,0,0,0,16,55,3.44,1,10,7,30,4.29,0,1,0,1,,,15,21.5,21.5,18.0,,43,,GainKe00
149,Aaron Jones,MIN,RB,31,2,2,0,0,0,0,0,13,46,3.54,0,4,3,44,14.67,1,0,0,1,,,15,18.0,18.0,16.5,,42,,JoneAa00
150,Terry McLaurin,WAS,WR,30,3,3,0,0,0,0,0,0,0,,0,17,10,149,14.90,0,0,0,0,,,15,24.9,27.9,19.9,,60,,McLaTe00
151,Elijah Moore,BUF,WR,25,3,1,0,0,0,0,0,4,25,6.25,1,5,4,64,16.00,0,0,0,1,,,15,18.9,18.9,16.9,,61,,MoorEl00
152,Sterling Shepard,TAM,WR,32,3,1,0,0,0,0,0,0,0,,0,15,11,153,13.91,0,0,0,0,,,15,26.3,29.3,20.8,,59,,ShepSt00
153,Malik Washington,MIA,WR,24,3,1,0,0,0,0,0,6,52,8.67,0,12,6,34,5.67,0,0,0,1,,,15,20.6,20.6,17.6,,63,,WashMa00
154,Carson Wentz,MIN,QB,33,1,1,14,20,173,2,0,2,4,2.00,0,0,0,0,,0,0,0,0,,,15,15.3,15.3,15.3,,37,,WentCa00
155,Davis Allen,LAR,TE,24,3,0,0,0,0,0,0,0,0,,0,4,3,24,8.00,2,0,0,2,,,14,17.4,17.4,15.9,,12,,AlleDa02
156,Harold Fannin,CLE,TE,21,3,2,0,0,0,0,0,1,3,3.00,0,18,15,136,9.07,0,0,0,0,,,14,28.9,31.9,21.4,,13,,FannHa00
157,Dallas Goedert,PHI,TE,30,2,2,0,0,0,0,0,0,0,,0,9,8,77,9.63,1,0,0,1,,,14,21.7,21.7,17.7,,15,,GoedDa00
158,TreVeyon Henderson,NWE,RB,23,3,0,0,0,0,0,0,19,65,3.42,0,11,11,73,6.64,0,0,0,0,,,14,24.8,24.8,19.3,,44,,HendTr02
159,T.J. Hockenson,MIN,TE,28,3,3,0,0,0,0,0,0,0,,0,13,9,76,8.44,1,0,0,1,,,14,22.6,22.6,18.1,,17,,HockTJ00
160,Cooper Kupp,SEA,WR,32,3,3,0,0,0,0,0,0,0,,0,15,11,136,12.36,0,0,0,0,,,14,24.6,27.6,19.1,,65,,KuppCo00
161,Sam LaPorta,DET,TE,24,3,3,0,0,0,0,0,0,0,,0,17,13,138,10.62,0,0,0,0,,,14,26.8,29.8,20.3,,14,,LaPoSa01
162,Drake London,ATL,WR,24,3,3,0,0,0,0,0,0,0,,0,27,16,159,9.94,0,1,1,0,,,14,29.9,33.9,21.9,,64,,LondDr00
163,Kyle Pitts,ATL,TE,25,3,3,0,0,0,0,0,0,0,,0,19,15,135,9.00,0,0,0,0,,,14,28.5,31.5,21.0,,18,,PittKy00
164,Brenton Strange,JAX,TE,25,3,3,0,0,0,0,0,0,0,,0,16,13,137,10.54,0,0,0,0,,,14,26.7,29.7,20.2,,16,,StraBr00
165,Braelon Allen,NYJ,RB,21,3,0,0,0,0,0,0,14,50,3.57,1,3,2,17,8.50,0,0,0,1,,,13,14.7,14.7,13.7,,46,,AlleBr05
166,Rico Dowdle,CAR,RB,27,3,0,0,0,0,0,0,19,51,2.68,1,5,4,22,5.50,0,0,0,1,,,13,17.3,17.3,15.3,,45,,DowdRi01
167,Jerry Jeudy,CLE,WR,26,3,3,0,0,0,0,0,0,0,,0,21,10,134,13.40,0,0,0,0,,,13,23.4,26.4,18.4,,66,,JeudJe00
168,Cole Kmet,CHI,TE,26,3,3,0,0,0,0,0,0,0,,0,7,4,70,17.50,1,0,0,1,,,13,17.0,17.0,15.0,,19,,KmetCo00
169,Jonnu Smith,PIT,TE,30,3,1,0,0,0,0,0,0,0,,0,13,12,65,5.42,1,1,0,1,,,13,24.5,24.5,18.5,,21,,SmitJo01
170,Jake Tonges,SFO,TE,26,3,1,0,0,0,0,0,0,0,,0,11,9,67,7.44,1,0,0,1,,,13,21.7,21.7,17.2,,20,,TongJa00
171,Zach Charbonnet,SEA,RB,24,2,0,0,0,0,0,0,27,57,2.11,1,0,0,0,,0,0,0,1,,,12,11.7,11.7,11.7,,48,,CharZa00
172,Noah Fant,CIN,TE,28,3,2,0,0,0,0,0,0,0,,0,14,12,80,6.67,1,1,1,1,,,12,24.0,25.0,18.0,,22,,FantNo00
173,David Njoku,CLE,TE,29,3,3,0,0,0,0,0,0,0,,0,18,12,117,9.75,0,0,0,0,,,12,23.7,26.7,17.7,,24,,NjokDa00
174,Chigoziem Okonkwo,TEN,TE,26,3,3,0,0,0,0,0,0,0,,0,16,12,120,10.00,0,0,0,0,,,12,24.0,27.0,18.0,,23,,OkonCh00
175,JuJu Smith-Schuster,KAN,WR,29,3,2,0,0,0,0,0,0,0,,0,12,10,115,11.50,0,0,0,0,,,12,21.5,24.5,16.5,,67,,SmitJu00
176,Tyrone Tracy Jr.,NYG,RB,26,3,2,0,0,0,0,0,22,68,3.09,0,13,8,54,6.75,0,0,0,0,,,12,20.2,20.2,16.2,,47,,TracTy00
177,AJ Barner,SEA,TE,23,3,3,0,0,0,0,0,2,4,2.00,0,6,4,49,12.25,1,0,0,1,,,11,15.3,15.3,13.3,,25,,BarnAJ00
178,Stefon Diggs,NWE,WR,32,3,3,0,0,0,0,0,0,0,,0,15,13,112,8.62,0,0,0,0,,,11,24.2,27.2,17.7,,69,,DiggSt00
179,Ollie Gordon,MIA,RB,21,3,0,0,0,0,0,0,12,50,4.17,1,2,2,4,2.00,0,0,0,1,,,11,13.4,13.4,12.4,,49,,GordOl00
180,RJ Harvey,DEN,RB,24,3,1,0,0,0,0,0,13,80,6.15,0,6,5,29,5.80,0,0,0,0,,,11,15.9,15.9,13.4,,50,,HarvRJ00
181,Isiah Pacheco,KAN,RB,26,3,3,0,0,0,0,0,25,92,3.68,0,6,4,13,3.25,0,0,0,0,,,11,14.5,14.5,12.5,,51,,PachIs00
182,Josh Palmer,BUF,WR,26,3,1,0,0,0,0,0,0,0,,0,13,8,113,14.13,0,0,0,0,,,11,19.3,22.3,15.3,,68,,PalmJo00
183,Jayden Reed,GNB,WR,25,2,1,0,0,0,0,0,0,0,,0,5,3,45,15.00,1,0,0,1,,,11,13.5,13.5,12.0,,72,,ReedJa03
184,Calvin Ridley,TEN,WR,31,3,3,0,0,0,0,0,0,0,,0,21,8,111,13.88,0,0,0,0,,,11,19.1,22.1,15.1,,70,,RidlCa00
185,Parker Washington,JAX,WR,23,3,0,0,0,0,0,0,0,0,,0,16,9,110,12.22,0,0,0,0,,,11,20.0,23.0,15.5,,71,,WashPa01
186,Josh Downs,IND,WR,24,3,2,0,0,0,0,0,0,0,,0,14,10,97,9.70,0,0,0,0,,,10,19.7,19.7,14.7,,76,,DownJo00
187,Antonio Gibson,NWE,RB,27,3,0,0,0,0,0,0,13,58,4.46,0,2,1,1,1.00,0,1,1,1,,,10,10.9,11.9,10.4,,52,,GibsAn00
188,Jackson Hawes,BUF,TE,25,3,0,0,0,0,0,0,0,0,,0,3,3,39,13.00,1,0,0,1,,,10,12.9,12.9,11.4,,26,,HaweJa00
189,Mack Hollins,NWE,WR,32,3,3,0,0,0,0,0,0,0,,0,8,6,38,6.33,1,0,0,1,,,10,15.8,15.8,12.8,,75,,HollMa00
190,Kyle Juszczyk,SFO,FB,34,3,3,0,0,0,0,0,0,0,,0,4,4,38,9.50,1,0,0,1,,,10,13.8,13.8,11.8,,53,,JuszKy00
191,Jalen Nailor,MIN,WR,26,3,3,0,0,0,0,0,0,0,,0,13,7,96,13.71,0,0,0,0,,,10,16.6,16.6,13.1,,77,,NailJa00
192,Dalton Schultz,HOU,TE,29,3,2,0,0,0,0,0,0,0,,0,15,11,96,8.73,0,0,0,0,,,10,20.6,20.6,15.1,,27,,SchuDa00
193,Isaac TeSlaa,DET,WR,23,3,1,0,0,0,0,0,0,0,,0,4,2,42,21.00,1,0,0,1,,,10,12.2,12.2,11.2,,73,,TeSlIs00
194,Dontayvion Wicks,GNB,WR,24,3,2,0,0,0,0,0,0,0,,0,12,8,95,11.88,0,0,0,0,,,10,17.5,17.5,13.5,,78,,WickDo00
195,Olamide Zaccheaus,CHI,WR,28,3,1,0,0,0,0,0,2,21,10.50,0,16,9,78,8.67,0,0,0,0,,,10,18.9,18.9,14.4,,74,,ZaccOl01
196,Matthew Golden,GNB,WR,22,3,2,0,0,0,0,0,5,24,4.80,0,8,6,68,11.33,0,0,0,0,,,9,15.2,15.2,12.2,,80,,GoldMa02
197,Najee Harris,LAC,RB,27,3,0,0,0,0,0,0,15,61,4.07,0,3,3,25,8.33,0,0,0,0,,,9,11.6,11.6,10.1,,55,,HarrNa00
198,George Kittle,SFO,TE,32,1,1,0,0,0,0,0,0,0,,0,4,4,25,6.25,1,0,0,1,,,9,12.5,12.5,10.5,,31,,KittGe00
199,Woody Marks,HOU,RB,25,3,0,0,0,0,0,0,12,44,3.67,0,3,2,46,23.00,0,0,0,0,,,9,11.0,11.0,10.0,,54,,MarkWo00
200,Drew Sample,CIN,TE,29,3,2,0,0,0,0,0,0,0,,0,6,3,27,9.00,1,0,0,1,,,9,11.7,11.7,10.2,,30,,SampDr00
201,Ja'Tavion Sanders,CAR,TE,22,3,3,0,0,0,0,0,0,0,,0,14,11,92,8.36,0,0,0,0,,,9,20.2,20.2,14.7,,28,,SandJa01
202,Darius Slayton,NYG,WR,28,3,2,0,0,0,0,0,0,0,,0,8,6,91,15.17,0,0,0,0,,,9,15.1,15.1,12.1,,81,,SlayDa01
203,Dont'e Thornton,LVR,WR,23,3,2,0,0,0,0,0,0,0,,0,12,5,94,18.80,0,0,0,0,,,9,14.4,14.4,11.9,,79,,ThorDo00
204,Tylan Wallace,BAL,WR,26,3,1,0,0,0,0,0,0,0,,0,3,2,25,12.50,1,0,0,1,,,9,10.5,10.5,9.5,,82,,WallTy00
205,Brock Wright,DET,TE,27,3,1,0,0,0,0,0,0,0,,0,3,3,28,9.33,1,0,0,1,,,9,11.8,11.8,10.3,,29,,WrigBr01
206,Brandin Cooks,NOR,WR,32,3,0,0,0,0,0,0,0,0,,0,11,8,76,9.50,0,0,0,0,,,8,15.6,15.6,11.6,,89,,CookBr00
207,Demario Douglas,NWE,WR,25,3,0,0,0,0,0,0,1,4,4.00,0,13,5,13,2.60,1,0,0,1,,,8,12.7,12.7,10.2,,88,,DougDe00
208,Austin Ekeler,WAS,RB,30,2,2,0,0,0,0,0,14,43,3.07,0,7,5,38,7.60,0,0,0,0,,,8,13.1,13.1,10.6,,57,,EkelAu00
209,Luke Farrell,SFO,TE,28,3,1,0,0,0,0,0,0,0,,0,4,3,19,6.33,1,0,0,1,,,8,10.9,10.9,9.4,,34,,FarrLu00
210,George Holani,SEA,RB,26,3,0,0,0,0,0,0,10,27,2.70,0,2,2,15,7.50,0,1,1,1,,,8,10.2,11.2,9.2,,56,,HolaGe00
211,Austin Hooper,NWE,TE,31,3,2,0,0,0,0,0,0,0,,0,7,6,76,12.67,0,0,0,0,,,8,13.6,13.6,10.6,,37,,HoopAu00
212,Travis Hunter,JAX,WR,22,3,1,0,0,0,0,0,0,0,,0,16,10,76,7.60,0,0,0,0,,,8,17.6,17.6,12.6,,90,,HuntTr00
213,Xavier Hutchinson,HOU,WR,25,3,1,0,0,0,0,0,1,5,5.00,0,8,7,75,10.71,0,0,0,0,,,8,15.0,15.0,11.5,,85,,HutcXa00
214,Hunter Long,JAX,TE,27,3,0,0,0,0,0,0,0,0,,0,4,3,18,6.00,1,0,0,1,,,8,10.8,10.8,9.3,,35,,LongHu00
215,Ryan Miller,TAM,WR,25,3,1,0,0,0,0,0,0,0,,0,3,1,20,20.00,1,0,0,1,,,8,9.0,9.0,8.5,,86,,MillRy01
216,Marvin Mims,DEN,WR,23,3,1,0,0,0,0,0,0,0,,0,10,6,40,6.67,1,1,1,1,,,8,14.0,15.0,11.0,,87,,MimsMa00
217,Josh Oliver,MIN,TE,28,3,1,0,0,0,0,0,0,0,,0,2,2,17,8.50,1,0,0,1,,,8,9.7,9.7,8.7,,36,,OlivJo00
218,Brian Robinson Jr.,SFO,RB,26,3,0,0,0,0,0,0,17,75,4.41,0,3,2,3,1.50,0,0,0,0,,,8,9.8,9.8,8.8,,58,,RobiBr01
219,Jeremy Ruckert,NYJ,TE,25,3,3,0,0,0,0,0,0,0,,0,3,3,21,7.00,1,0,0,1,,,8,11.1,11.1,9.6,,32,,RuckJe00
220,Ben Skowronek,PIT,WR,28,3,1,0,0,0,0,0,0,0,,0,1,1,22,22.00,1,0,0,1,,,8,9.2,9.2,8.7,,83,,SkowBe00
221,Jack Stoll,NOR,TE,27,3,2,0,0,0,0,0,0,0,,0,3,2,21,10.50,1,0,0,1,,,8,10.1,10.1,9.1,,33,,StolJa00
222,Adam Trautman,DEN,TE,28,3,2,0,0,0,0,0,0,0,,0,4,4,15,3.75,1,0,0,1,,,8,11.5,11.5,9.5,,38,,TrauAd00
223,Devaughn Vele,NOR,WR,28,2,1,0,0,0,0,0,0,0,,0,3,2,16,8.00,1,0,0,1,,,8,9.6,9.6,8.6,,91,,VeleDe00
224,Michael Wilson,ARI,WR,25,3,2,0,0,0,0,0,0,0,,0,8,3,21,7.00,1,0,0,1,,,8,11.1,11.1,9.6,,84,,WilsMi02
225,Kendrick Bourne,SFO,WR,30,2,1,0,0,0,0,0,0,0,,0,9,7,70,10.00,0,0,0,0,,,7,14.0,14.0,10.5,,96,,BourKe00
226,Jahan Dotson,PHI,WR,25,3,1,0,0,0,0,0,0,0,,0,7,5,70,14.00,0,0,0,0,,,7,12.0,12.0,9.5,,97,,DotsJa00
227,John FitzPatrick,GNB,TE,25,3,0,0,0,0,0,0,0,0,,0,3,3,14,4.67,1,0,0,1,,,7,10.4,10.4,8.9,,39,,FitzJo00
228,Jerome Ford,CLE,RB,26,3,0,0,0,0,0,0,12,39,3.25,0,11,10,30,3.00,0,0,0,0,,,7,16.9,16.9,11.9,,60,,FordJe00
229,Pat Freiermuth,PIT,TE,27,3,1,0,0,0,0,0,0,0,,0,10,7,65,9.29,0,0,0,0,,,7,13.5,13.5,10.0,,40,,FreiPa00
230,Jayden Higgins,HOU,WR,23,3,2,0,0,0,0,0,0,0,,0,5,4,65,16.25,0,0,0,0,,,7,10.5,10.5,8.5,,98,,HiggJa00
231,Jaylin Lane,WAS,WR,23,3,0,0,0,0,0,0,0,0,,0,8,3,11,3.67,0,0,0,1,,,7,10.1,10.1,8.6,,94,,LaneJa00
232,Allen Lazard,NYJ,WR,30,2,0,0,0,0,0,0,0,0,,0,3,2,13,6.50,1,0,0,1,,,7,9.3,9.3,8.3,,92,,LazaAl00
233,Ray-Ray McCloud,ATL,WR,29,3,1,0,0,0,0,0,0,0,,0,12,5,71,14.20,0,0,0,0,,,7,12.1,12.1,9.6,,95,,McClRa00
234,Kendre Miller,NOR,RB,23,3,0,0,0,0,0,0,17,59,3.47,0,3,3,11,3.67,0,0,0,0,,,7,10.0,10.0,8.5,,59,,MillKe01
235,Kyle Monangai,CHI,RB,23,3,0,0,0,0,0,0,13,44,3.38,0,5,3,23,7.67,0,0,0,0,,,7,9.7,9.7,8.2,,61,,MonaKy00
236,Mitchell Tinsley,CIN,WR,26,3,0,0,0,0,0,0,0,0,,0,2,1,13,13.00,1,0,0,1,,,7,8.3,8.3,7.8,,93,,TinsMi00
237,Elijah Higgins,ARI,TE,25,3,1,0,0,0,0,0,0,0,,0,6,4,55,13.75,0,0,0,0,,,6,9.5,9.5,7.5,,41,,HiggEl00
238,Justice Hill,BAL,RB,28,3,0,0,0,0,0,0,5,-7,-1.40,0,9,7,66,9.43,0,1,0,0,,,6,12.9,12.9,9.4,,63,,HillJu00
239,Tyler Johnson,NYJ,WR,27,3,2,0,0,0,0,0,0,0,,0,6,4,63,15.75,0,0,0,0,,,6,10.3,10.3,8.3,,100,,JohnTy00
240,Darnell Mooney,ATL,WR,28,2,2,0,0,0,0,0,0,0,,0,15,6,64,10.67,0,0,0,0,,,6,12.4,12.4,9.4,,99,,MoonDa00
241,Chris Moore,WAS,WR,32,2,0,0,0,0,0,0,0,0,,0,3,3,59,19.67,0,0,0,0,,,6,8.9,8.9,7.4,,104,,MoorCh00
242,Raheim Sanders,CLE,RB,23,1,0,0,0,0,0,0,3,3,1.00,1,0,0,0,,0,0,0,1,,,6,6.3,6.3,6.3,,62,,SandRa00
243,Jalen Tolbert,DAL,WR,26,3,2,0,0,0,0,0,0,0,,0,12,6,40,6.67,0,0,0,0,1,,6,12.0,12.0,9.0,,103,,TolbJa00
244,Brycen Tremayne,CAR,WR,26,3,1,0,0,0,0,0,0,0,,0,7,5,63,12.60,0,0,0,0,,,6,11.3,11.3,8.8,,101,,TremBr00
245,Jordan Whittington,LAR,WR,25,3,1,0,0,0,0,0,3,12,4.00,0,5,4,49,12.25,0,0,0,0,,,6,10.1,10.1,8.1,,102,,WhitJo04
246,Tyler Conklin,LAC,TE,30,3,3,0,0,0,0,0,1,2,2.00,0,4,2,50,25.00,0,1,0,0,,,5,7.2,7.2,6.2,,42,,ConkTy00
247,Dillon Gabriel,CLE,QB,25,1,0,3,3,19,1,0,0,0,,0,0,0,0,,0,0,0,0,,,5,4.8,4.8,4.8,,38,,GabrDi00
248,Oronde Gadsden II,LAC,TE,22,1,0,0,0,0,0,0,0,0,,0,7,5,46,9.20,0,0,0,0,,,5,9.6,9.6,7.1,,46,,GadsOr01
249,Tre Harris,LAC,WR,23,3,0,0,0,0,0,0,0,0,,0,5,3,45,15.00,0,0,0,0,,,5,7.5,7.5,6.0,,107,,HarrTr03
250,Gunnar Helm,TEN,TE,23,3,1,0,0,0,0,0,0,0,,0,7,6,52,8.67,0,0,0,0,,,5,11.2,11.2,8.2,,43,,HelmGu00
251,Theo Johnson,NYG,TE,24,3,3,0,0,0,0,0,0,0,,0,10,6,49,8.17,0,0,0,0,,,5,10.9,10.9,7.9,,44,,JohnTh00
252,Ty Johnson,BUF,RB,28,3,0,0,0,0,0,0,7,43,6.14,0,5,1,8,8.00,0,0,0,0,,,5,6.1,6.1,5.6,,64,,JohnTy02
253,Tyler Lockett,TEN,WR,33,3,1,0,0,0,0,0,0,0,,0,8,6,46,7.67,0,0,0,0,,,5,10.6,10.6,7.6,,105,,LockTy00
254,Michael Mayer,LVR,TE,24,3,3,0,0,0,0,0,0,0,,0,7,6,47,7.83,0,0,0,0,,,5,10.7,10.7,7.7,,45,,MayeMi00
255,Zavier Scott,MIN,RB,26,2,0,0,0,0,0,0,8,30,3.75,0,1,1,20,20.00,0,1,0,0,,,5,6.0,6.0,5.5,,65,,ScotZa00
256,Adam Thielen,MIN,WR,35,3,2,0,0,0,0,0,0,0,,0,6,2,26,13.00,0,0,0,0,1,,5,6.6,6.6,5.6,,106,,ThieAd00
257,Elijah Arroyo,SEA,TE,22,3,1,0,0,0,0,0,0,0,,0,5,3,38,12.67,0,0,0,0,,,4,6.8,6.8,5.3,,50,,ArroEl00
258,Tyler Badie,DEN,RB,25,3,0,0,0,0,0,0,1,3,3.00,0,8,4,35,8.75,0,0,0,0,,,4,7.8,7.8,5.8,,69,,BadiTy00
259,Isaiah Bond,CLE,WR,21,3,1,0,0,0,0,0,1,9,9.00,0,8,4,27,6.75,0,0,0,0,,,4,7.6,7.6,5.6,,111,,BondIs00
260,Noah Brown,WAS,WR,29,2,2,0,0,0,0,0,0,0,,0,7,3,36,12.00,0,0,0,0,,,4,6.6,6.6,5.1,,112,,BrowNo00
261,Mike Gesicki,CIN,TE,30,3,1,0,0,0,0,0,0,0,,0,10,5,38,7.60,0,0,0,0,,,4,8.8,8.8,6.3,,51,,GesiMi00
262,DJ Giddens,IND,RB,22,3,0,0,0,0,0,0,13,44,3.38,0,1,0,0,,0,0,0,0,,,4,4.4,4.4,4.4,,66,,GiddDJ00
263,Malik Heath,GNB,WR,25,3,0,0,0,0,0,0,0,0,,0,1,1,37,37.00,0,0,0,0,,,4,4.7,4.7,4.2,,110,,HeatMa00
264,Tyler Higbee,LAR,TE,32,3,3,0,0,0,0,0,0,0,,0,6,4,37,9.25,0,0,0,0,,,4,7.7,7.7,5.7,,53,,HigbTy00
265,Dawson Knox,BUF,TE,29,3,3,0,0,0,0,0,0,0,,0,7,4,39,9.75,0,0,0,0,,,4,7.9,7.9,5.9,,49,,KnoxDa00
266,Colston Loveland,CHI,TE,21,3,2,0,0,0,0,0,0,0,,0,6,3,43,14.33,0,0,0,0,,,4,7.3,7.3,5.8,,47,,LoveCo00
267,Adonai Mitchell,IND,WR,23,3,0,0,0,0,0,0,0,0,,0,8,4,41,10.25,0,0,0,0,,,4,8.1,8.1,6.1,,109,,MitcAd00
268,Luke Musgrave,GNB,TE,25,3,1,0,0,0,0,0,0,0,,0,3,3,36,12.00,0,0,0,0,,,4,6.6,6.6,5.1,,54,,MusgLu00
269,Kalif Raymond,DET,WR,31,3,1,0,0,0,0,0,1,9,9.00,0,6,4,34,8.50,0,0,0,0,,,4,8.3,8.3,6.3,,108,,RaymKa00
270,Chris Rodriguez,WAS,RB,25,1,1,0,0,0,0,0,11,39,3.55,0,0,0,0,,0,0,0,0,,,4,3.9,3.9,3.9,,68,,RodrCh00
271,Xavier Smith,LAR,WR,28,3,0,0,0,0,0,0,0,0,,0,1,1,36,36.00,0,0,0,0,,,4,4.6,4.6,4.1,,113,,SmitXa00
272,Mason Taylor,NYJ,TE,21,3,2,0,0,0,0,0,0,0,,0,9,6,43,7.17,0,0,0,0,,,4,10.3,10.3,7.3,,48,,TaylMa02
273,Tommy Tremble,CAR,TE,25,3,2,0,0,0,0,0,0,0,,0,6,6,38,6.33,0,0,0,0,,,4,9.8,9.8,6.8,,52,,TremTo00
274,Zamir White,LVR,RB,26,3,0,0,0,0,0,0,10,25,2.50,0,5,3,19,6.33,0,0,0,0,,,4,7.4,7.4,5.9,,67,,WhitZa01
275,Mo Alie-Cox,IND,TE,32,3,1,0,0,0,0,0,0,0,,0,2,2,28,14.00,0,0,0,0,,,3,4.8,4.8,3.8,,57,,AlieMo00
276,LeQuint Allen,JAX,RB,21,3,0,0,0,0,0,0,3,20,6.67,0,2,2,13,6.50,0,0,0,0,,,3,5.3,5.3,4.3,,70,,AlleLe01
277,Jack Bech,LVR,WR,23,3,0,0,0,0,0,0,0,0,,0,2,2,33,16.50,0,0,0,0,,,3,5.3,5.3,4.3,,114,,BechJa00
278,Chris Brooks,GNB,RB,25,3,0,0,0,0,0,0,1,1,1.00,0,5,4,29,7.25,0,0,0,0,,,3,7.0,7.0,5.0,,71,,BrooCh00
279,Nathan Carter,ATL,RB,23,2,0,0,0,0,0,0,7,46,6.57,0,0,0,0,,0,1,1,0,,,3,2.6,3.6,2.6,,75,,CartNa00
280,Julius Chestnut,TEN,RB,25,3,0,0,0,0,0,0,4,28,7.00,0,0,0,0,,0,0,0,0,,,3,2.8,2.8,2.8,,74,,ChesJu00
281,Tanner Conner,MIA,TE,27,3,0,0,0,0,0,0,0,0,,0,6,3,33,11.00,0,0,0,0,,,3,6.3,6.3,4.8,,55,,ConnTa00
282,Ray Davis,BUF,RB,26,3,0,0,0,0,0,0,10,26,2.60,0,2,1,-1,-1.00,0,0,0,0,,,3,3.5,3.5,3.0,,77,,DaviRa04
283,AJ Dillon,PHI,RB,27,3,0,0,0,0,0,0,6,29,4.83,0,0,0,0,,0,0,0,0,,,3,2.9,2.9,2.9,,72,,DillAJ00
284,Will Dissly,LAC,TE,29,2,1,0,0,0,0,0,0,0,,0,2,2,25,12.50,0,0,0,0,,,3,4.5,4.5,3.5,,58,,DissWi00
285,Evan Engram,DEN,TE,31,2,0,0,0,0,0,0,0,0,,0,6,4,33,8.25,0,0,0,0,,,3,7.3,7.3,5.3,,56,,EngrEv00
286,Zay Jones,ARI,WR,30,3,0,0,0,0,0,0,0,0,,0,4,3,29,9.67,0,0,0,0,,,3,5.9,5.9,4.4,,118,,JoneZa00
287,Christian Kirk,HOU,WR,29,1,1,0,0,0,0,0,0,0,,0,8,3,25,8.33,0,0,0,0,,,3,5.5,5.5,4.0,,119,,KirkCh01
288,Cade Otton,TAM,TE,26,3,3,0,0,0,0,0,0,0,,0,7,3,25,8.33,0,0,0,0,,,3,5.5,5.5,4.0,,59,,OttoCa00
289,Nikko Remigio,KAN,WR,26,3,0,0,0,0,0,0,1,11,11.00,0,1,1,21,21.00,0,0,0,0,,,3,4.2,4.2,3.7,,116,,RemiNi00
290,Will Shipley,PHI,RB,23,1,0,0,0,0,0,0,3,26,8.67,0,0,0,0,,0,0,0,0,,,3,2.6,2.6,2.6,,76,,ShipWi00
291,Casey Washington,ATL,WR,24,1,1,0,0,0,0,0,0,0,,0,6,3,33,11.00,0,0,0,0,,,3,6.3,6.3,4.8,,115,,WashCa01
292,Justin Watson,HOU,WR,29,2,0,0,0,0,0,0,0,0,,0,4,3,30,10.00,0,0,0,0,,,3,6.0,6.0,4.5,,117,,WatsJu01
293,Nick Westbrook-Ikhine,MIA,WR,28,3,0,0,0,0,0,0,0,0,,0,5,3,25,8.33,0,0,0,0,,,3,5.5,5.5,4.0,,120,,WestNi00
294,Emanuel Wilson,GNB,RB,26,3,0,0,0,0,0,0,7,29,4.14,0,0,0,0,,0,0,0,0,,,3,2.9,2.9,2.9,,73,,WilsEm00
295,Cam Akers,MIN,RB,26,1,0,0,0,0,0,0,5,19,3.80,0,1,0,0,,0,0,0,0,,,2,1.9,1.9,1.9,,81,,AkerCa00
296,Tyson Bagent,CHI,QB,25,1,0,2,3,27,0,0,2,7,3.50,0,0,0,0,,0,1,0,0,,,2,1.8,1.8,1.8,,39,,BageTy00
297,Daniel Bellinger,NYG,TE,25,3,0,0,0,0,0,0,0,0,,0,2,2,20,10.00,0,0,0,0,,,2,4.0,4.0,3.0,,64,,BellDa00
298,Tahj Brooks,CIN,RB,23,3,0,0,0,0,0,0,5,17,3.40,0,0,0,0,,0,0,0,0,,,2,1.7,1.7,1.7,,83,,BrooTa00
299,Pat Bryant,DEN,WR,23,3,0,0,0,0,0,0,0,0,,0,3,2,18,9.00,0,0,0,0,,,2,3.8,3.8,2.8,,126,,BryaPa00
300,Isaiah Davis,NYJ,RB,23,3,0,0,0,0,0,0,2,18,9.00,0,3,1,6,6.00,0,0,0,0,,,2,3.4,3.4,2.9,,78,,DaviIs00
301,Chimere Dike,TEN,WR,24,3,1,0,0,0,0,0,5,21,4.20,0,10,5,1,0.20,0,0,0,0,,,2,7.2,7.2,4.7,,123,,DikeCh00
302,Greg Dortch,ARI,WR,27,3,0,0,0,0,0,0,1,5,5.00,0,4,4,12,3.00,0,0,0,0,,,2,5.7,5.7,3.7,,130,,DortGr01
303,Ashton Dulin,IND,WR,28,3,0,0,0,0,0,0,1,15,15.00,0,0,0,0,,0,0,0,0,,,2,1.5,1.5,1.5,,133,,DuliAs00
304,D'Wayne Eskridge,MIA,WR,28,3,0,0,0,0,0,0,0,0,,0,3,2,17,8.50,0,0,0,0,,,2,3.7,3.7,2.7,,131,,EskrDW00
305,Mitchell Evans,CAR,TE,22,3,0,0,0,0,0,0,0,0,,0,2,2,18,9.00,0,0,0,0,,,2,3.8,3.8,2.8,,66,,EvanMi01
306,Ryan Flournoy,DAL,WR,26,3,0,0,0,0,0,0,0,0,,0,3,2,21,10.50,0,0,0,0,,,2,4.1,4.1,3.1,,124,,FlouRy00
307,Noah Gray,KAN,TE,26,3,1,0,0,0,0,0,0,0,,0,12,5,21,4.20,0,0,0,0,,,2,7.1,7.1,4.6,,63,,GrayNo00
308,Julian Hill,MIA,TE,25,3,3,0,0,0,0,0,0,0,,0,1,1,4,4.00,0,0,0,0,1,,2,3.4,3.4,2.9,,60,,HillJu02
309,Van Jefferson,TEN,WR,29,3,0,0,0,0,0,0,0,0,,0,3,3,18,6.00,0,0,0,0,,,2,4.8,4.8,3.3,,127,,JeffVa00
310,Charlie Kolar,BAL,TE,26,3,2,0,0,0,0,0,0,0,,0,3,2,22,11.00,0,0,0,0,,,2,4.2,4.2,3.2,,61,,KolaCh00
311,Lucas Krull,DEN,TE,27,3,3,0,0,0,0,0,0,0,,0,4,2,15,7.50,0,0,0,0,,,2,3.5,3.5,2.5,,68,,KrulLu00
312,Dylan Laube,LVR,RB,26,3,0,0,0,0,0,0,3,2,0.67,0,3,2,17,8.50,0,0,0,0,,,2,3.9,3.9,2.9,,82,,LaubDy00
313,Tim Patrick,JAX,WR,32,3,0,0,0,0,0,0,0,0,,0,2,1,16,16.00,0,0,0,0,,,2,2.6,2.6,2.1,,132,,PatrTi00
314,Tip Reiman,ARI,TE,24,2,2,0,0,0,0,0,0,0,,0,4,3,18,6.00,0,0,0,0,,,2,4.8,4.8,3.3,,67,,ReimTi00
315,Josh Reynolds,NYJ,WR,30,1,1,0,0,0,0,0,0,0,,0,3,2,18,9.00,0,0,0,0,,,2,3.8,3.8,2.8,,128,,ReynJo00
316,Tyrell Shavers,BUF,WR,26,3,0,0,0,0,0,0,0,0,,0,4,2,24,12.00,0,0,0,0,,,2,4.4,4.4,3.4,,121,,ShavTy00
317,Devin Singletary,NYG,RB,28,3,1,0,0,0,0,0,8,24,3.00,0,1,1,-4,-4.00,0,0,0,0,,,2,3.0,3.0,2.5,,79,,SingDe00
318,Brashard Smith,KAN,RB,22,3,0,0,0,0,0,0,3,15,5.00,0,2,0,0,,0,0,0,0,,,2,1.5,1.5,1.5,,84,,SmitBr09
319,Cade Stover,HOU,TE,25,1,1,0,0,0,0,0,0,0,,0,4,4,22,5.50,0,0,0,0,,,2,6.2,6.2,4.2,,62,,StovCa00
320,Jamari Thrash,CLE,WR,25,3,0,0,0,0,0,0,0,0,,0,5,4,18,4.50,0,0,0,0,,,2,5.8,5.8,3.8,,129,,ThraJa01
321,Darnell Washington,PIT,TE,24,3,2,0,0,0,0,0,0,0,,0,1,0,0,,0,0,0,0,1,,2,2.0,2.0,2.0,,65,,WashDa03
322,Kyle Williams,NWE,WR,23,3,0,0,0,0,0,0,0,0,,0,2,2,20,10.00,0,0,0,0,,,2,4.0,4.0,3.0,,125,,WillKy03
323,Savion Williams,GNB,WR,24,3,0,0,0,0,0,0,4,23,5.75,0,1,1,1,1.00,0,0,0,0,,,2,3.4,3.4,2.9,,122,,WillSa01
324,Zach Wilson,MIA,QB,26,1,0,5,8,32,0,0,1,3,3.00,0,0,0,0,,0,0,0,0,,,2,1.6,1.6,1.6,,40,,WilsZa00
325,Jacardia Wright,SEA,RB,,1,0,0,0,0,0,0,5,20,4.00,0,0,0,0,,0,0,0,0,,,2,2.0,2.0,2.0,,80,,WrigJa05
326,Rasheen Ali,BAL,RB,24,3,0,0,0,0,0,0,1,5,5.00,0,0,0,0,,0,0,0,0,,,1,0.5,0.5,0.5,,91,,AlixRa00
327,Tank Bigsby,2TM,RB,24,3,0,0,0,0,0,0,5,12,2.40,0,0,0,0,,0,0,0,0,,,1,1.2,1.2,1.2,,86,,BigsTa00
328,Max Brosmer,MIN,QB,,1,0,2,4,29,0,0,0,0,,0,0,0,0,,0,0,0,0,,,1,1.2,1.2,1.2,,42,,BrosMa00
329,Grant Calcaterra,PHI,TE,27,3,2,0,0,0,0,0,0,0,,0,2,1,6,6.00,0,0,0,0,,,1,1.6,1.6,1.1,,73,,CalcGr00
330,Kirk Cousins,ATL,QB,37,1,0,5,7,29,0,0,0,0,,0,0,0,0,,0,0,0,0,,,1,1.2,1.2,1.2,,41,,CousKi00
331,Tai Felton,MIN,WR,22,3,0,0,0,0,0,0,0,0,,0,1,1,9,9.00,0,0,0,0,,,1,1.9,1.9,1.4,,138,,FeltTa00
332,Tyler Goodson,IND,RB,25,1,0,0,0,0,0,0,2,6,3.00,0,0,0,0,,0,0,0,0,,,1,0.6,0.6,0.6,,89,,GoodTy00
333,Cam Grandy,CIN,TE,25,1,0,0,0,0,0,0,0,0,,0,1,1,6,6.00,0,1,0,0,,,1,1.6,1.6,1.1,,74,,GranCa00
334,Kylen Granson,PHI,TE,27,3,1,0,0,0,0,0,0,0,,0,2,2,6,3.00,0,0,0,0,,,1,2.6,2.6,1.6,,75,,GranKy00
335,Connor Heyward,PIT,TE,26,3,0,0,0,0,0,0,0,0,,0,1,1,6,6.00,0,0,0,0,,,1,1.6,1.6,1.1,,76,,HeywCo00
336,Alec Ingold,MIA,FB,29,3,2,0,0,0,0,0,0,0,,0,4,3,14,4.67,0,0,0,0,,,1,4.4,4.4,2.9,,85,,IngoAl01
337,Andrei Iosivas,CIN,WR,26,3,1,0,0,0,0,0,0,0,,0,5,1,12,12.00,0,0,0,0,,,1,2.2,2.2,1.7,,134,,IosiAn00
338,Xavier Legette,CAR,WR,24,2,2,0,0,0,0,0,1,0,0.00,0,15,4,8,2.00,0,0,0,0,,,1,4.8,4.8,2.8,,141,,LegeXa00
339,Drew Lock,SEA,QB,29,1,0,2,3,15,0,0,1,-1,-1.00,0,0,0,0,,0,0,0,0,,,1,0.5,0.5,0.5,,44,,LockDr00
340,Chris Manhertz,NYG,TE,33,3,2,0,0,0,0,0,0,0,,0,1,1,7,7.00,0,0,0,0,,,1,1.7,1.7,1.2,,70,,ManhCh00
341,John Metchie,PHI,WR,25,3,0,0,0,0,0,0,0,0,,0,2,2,8,4.00,0,0,0,0,,,1,2.8,2.8,1.8,,142,,MetcJo00
342,David Moore,CAR,WR,30,3,1,0,0,0,0,0,0,0,,0,1,1,5,5.00,0,0,0,0,,,1,1.5,1.5,1.0,,146,,MoorDa03
343,Skyy Moore,SFO,WR,25,3,0,0,0,0,0,0,0,0,,0,1,1,10,10.00,0,1,0,0,,,1,2.0,2.0,1.5,,137,,MoorSk01
344,Johnny Mundt,JAX,TE,31,3,2,0,0,0,0,0,0,0,,0,2,1,7,7.00,0,0,0,0,,,1,1.7,1.7,1.2,,71,,MundJo00
345,Devin Neal,NOR,RB,22,1,0,0,0,0,0,0,2,9,4.50,0,0,0,0,,0,0,0,0,,,1,0.9,0.9,0.9,,87,,NealDe00
346,Jaylin Noel,HOU,WR,23,3,0,0,0,0,0,0,0,0,,0,3,2,11,5.50,0,0,0,0,,,1,3.1,3.1,2.1,,136,,NoelJa00
347,Dare Ogunbowale,HOU,RB,31,3,0,0,0,0,0,0,2,9,4.50,0,2,2,17,8.50,0,1,1,0,,,1,2.6,3.6,1.6,,90,,OgunDa00
348,Bryce Oliver,TEN,WR,25,2,0,0,0,0,0,0,0,0,,0,1,1,8,8.00,0,0,0,0,,,1,1.8,1.8,1.3,,143,,OlivBr02
349,Samaje Perine,CIN,RB,30,3,0,0,0,0,0,0,4,21,5.25,0,2,2,6,3.00,0,1,1,0,,,1,2.7,3.7,1.7,,88,,PeriSa00
350,Dameon Pierce,HOU,RB,25,1,0,0,0,0,0,0,3,5,1.67,0,1,0,0,,0,0,0,0,,,1,0.5,0.5,0.5,,92,,PierDa01
351,Eric Saubert,SEA,TE,31,3,0,0,0,0,0,0,0,0,,0,1,1,12,12.00,0,0,0,0,,,1,2.2,2.2,1.7,,69,,SaubEr00
352,Luke Schoonmaker,DAL,TE,27,3,1,0,0,0,0,0,0,0,,0,4,1,5,5.00,0,0,0,0,,,1,1.5,1.5,1.0,,77,,SchoLu00
353,Trent Sherfield,DEN,WR,29,3,0,0,0,0,0,0,0,0,,0,2,2,6,3.00,0,0,0,0,,,1,2.6,2.6,1.6,,145,,SherTr00
354,David Sills,ATL,WR,29,3,0,0,0,0,0,0,0,0,,0,2,1,9,9.00,0,0,0,0,,,1,1.9,1.9,1.4,,139,,SillDa01
355,Ben Sinnott,WAS,TE,23,3,1,0,0,0,0,0,0,0,,0,1,1,7,7.00,0,0,0,0,,,1,1.7,1.7,1.2,,72,,SinnBe00
356,Mitchell Trubisky,BUF,QB,31,1,0,1,2,32,0,0,3,-3,-1.00,0,0,0,0,,0,0,0,0,,,1,1.0,1.0,1.0,,43,,TrubMi00
357,Marquez Valdes-Scantling,SFO,WR,31,3,0,0,0,0,0,0,0,0,,0,2,1,9,9.00,0,0,0,0,,,1,1.9,1.9,1.4,,140,,ValdMa00
358,Roman Wilson,PIT,WR,24,3,1,0,0,0,0,0,0,0,,0,2,1,7,7.00,0,0,0,0,,,1,1.7,1.7,1.2,,144,,WilsRo02
359,Dareke Young,SEA,WR,26,2,0,0,0,0,0,0,0,0,,0,1,1,12,12.00,0,0,0,0,,,1,2.2,2.2,1.7,,135,,YounDa02
360,Nate Adkins,DEN,TE,26,1,0,0,0,0,0,0,0,0,,0,0,0,0,,0,0,0,0,,,,,,,,79,,AdkiNa00
361,Jamal Agnew,ATL,WR,30,1,0,0,0,0,0,0,0,0,,0,0,0,0,,0,0,0,0,,,,,,,,148,,AgneJa00
362,Kyle Allen,DET,QB,29,1,0,0,0,0,0,0,0,0,,0,0,0,0,,0,0,0,0,,,,,,,,48,,AlleKy00
363,Tutu Atwell,LAR,WR,26,3,2,0,0,0,0,0,0,0,,0,3,1,4,4.00,0,0,0,0,,,,1.4,1.4,0.9,,147,,AtweTu00
364,Kevin Austin,NOR,WR,25,1,0,0,0,0,0,0,0,0,,0,1,0,0,,0,0,0,0,,,,,,,,149,,AustKe00
365,Alex Bachman,LVR,WR,29,2,0,0,0,0,0,0,0,0,,0,1,0,0,,0,0,0,0,,,,,,,,150,,BachAl00
366,John Bates,WAS,TE,28,2,2,0,0,0,0,0,0,0,,0,0,0,0,,0,0,0,0,,,,,,,,80,,BateJo00
367,Andrew Beck,NYJ,FB,29,3,0,0,0,0,0,0,0,0,,0,0,0,0,,0,0,0,0,,,,,,,,96,,BeckAn01
368,Ulysses Bentley,IND,RB,25,1,0,0,0,0,0,0,1,0,0.00,0,0,0,0,,0,0,0,0,,,,,,,,97,,BentUl00
369,Jake Bobo,SEA,WR,27,2,0,0,0,0,0,0,0,0,,0,0,0,0,,0,0,0,0,,,,,,,,151,,BoboJa00
370,Jacoby Brissett,ARI,QB,33,1,0,0,0,0,0,0,1,2,2.00,0,0,0,0,,0,0,0,0,,,,0.2,0.2,0.2,,47,,BrisJa00
371,British Brooks,HOU,RB,26,1,0,0,0,0,0,0,0,0,,0,0,0,0,,0,0,0,0,,,,,,,,98,,BrooBr01
372,Jason Brownlee,KAN,WR,26,3,0,0,0,0,0,0,0,0,,0,1,0,0,,0,0,0,0,,,,,,,,152,,BrowJa07
373,Harrison Bryant,HOU,TE,27,2,1,0,0,0,0,0,0,0,,0,1,0,0,,0,0,0,0,,,,,,,,81,,BryaHa00
374,Dalevon Campbell,CAR,WR,24,1,0,0,0,0,0,0,0,0,,0,0,0,0,,0,0,0,0,,,,,,,,153,,CampDa01
375,DeAndre Carter,CLE,WR,32,3,0,0,0,0,0,0,0,0,,0,0,0,0,,0,0,0,0,,,,,,,,154,,CartDe02
376,Ty Chandler,MIN,RB,27,1,0,0,0,0,0,0,0,0,,0,0,0,0,,0,0,0,0,,,,,,,,99,,ChanTy01
377,Beaux Collins,NYG,WR,23,3,0,0,0,0,0,0,0,0,,0,0,0,0,,0,0,0,0,,,,,,,,155,,CollBe00
378,Darius Cooper,PHI,WR,24,3,0,0,0,0,0,0,0,0,,0,0,0,0,,0,0,0,0,,,,,,,,156,,CoopDa01
379,Andy Dalton,CAR,QB,38,1,0,0,0,0,0,0,1,-1,-1.00,0,0,0,0,,0,0,0,0,,,,-0.1,-0.1,-0.1,,53,,DaltAn00
380,Jaxson Dart,NYG,QB,22,2,0,0,0,0,0,0,2,0,0.00,0,0,0,0,,0,0,0,0,,,,,,,,51,,DartJa00
381,Kaden Davis,CLE,WR,27,1,0,0,0,0,0,0,0,0,,0,0,0,0,,0,0,0,0,,,,,,,,157,,DaviKa02
382,Josiah Deguara,ARI,TE,28,1,0,0,0,0,0,0,0,0,,0,0,0,0,,0,0,0,0,,,,,,,,82,,DeguJo00
383,Emari Demercado,ARI,RB,26,3,0,0,0,0,0,0,2,0,0.00,0,1,0,0,,0,0,0,0,,,,,,,,100,,DemeEm00
384,Payne Durham,TAM,TE,25,3,1,0,0,0,0,0,0,0,,0,1,0,0,,0,0,0,0,,,,,,,,83,,DurhPa00
385,Devin Duvernay,CHI,WR,28,3,0,0,0,0,0,0,0,0,,0,0,0,0,,0,0,0,0,,,,,,,,158,,DuveDe00
386,Ross Dwelley,DET,TE,30,1,0,0,0,0,0,0,0,0,,0,0,0,0,,0,0,0,0,,,,,,,,84,,DwelRo00
387,Simi Fehoko,ARI,WR,28,2,0,0,0,0,0,0,0,0,,0,0,0,0,,0,0,0,0,,,,,,,,159,,FehoSi00
388,Terrance Ferguson,LAR,TE,22,2,0,0,0,0,0,0,0,0,,0,0,0,0,,0,0,0,0,,,,,,,,85,,FergTe00
389,Tucker Fisk,LAC,TE,26,1,1,0,0,0,0,0,0,0,,0,1,0,0,,0,0,0,0,,,,,,,,86,,FiskTu00
390,Feleipe Franks,ATL,TE,28,3,0,0,0,0,0,0,0,0,,0,0,0,0,,0,0,0,0,,,,,,,,87,,FranFe00
391,Russell Gage,SFO,WR,29,1,0,0,0,0,0,0,0,0,,0,0,0,0,,0,0,0,0,,,,,,,,160,,GageRu00
392,Reggie Gilliam,BUF,FB,28,3,0,0,0,0,0,0,0,0,,0,0,0,0,,0,0,0,0,,,,,,,,101,,GillRe00
393,Anthony Gould,IND,WR,24,3,0,0,0,0,0,0,0,0,,0,0,0,0,,0,0,0,0,,,,,,,,161,,GoulAn00
394,Isaac Guerendo,SFO,RB,25,3,0,0,0,0,0,0,0,0,,0,0,0,0,,0,0,0,0,,,,,,,,102,,GuerIs00
395,Hassan Haskins,LAC,RB,26,3,0,0,0,0,0,0,0,0,,0,0,0,0,,0,0,0,0,,,,,,,,103,,HaskHa00
396,KhaDarel Hodge,ATL,WR,30,3,0,0,0,0,0,0,0,0,,0,1,0,0,,0,0,0,0,,,,,,,,162,,HodgKh00
397,Tanner Hudson,CIN,TE,31,2,0,0,0,0,0,0,0,0,,0,0,0,0,,0,0,0,0,,,,,,,,88,,HudsTa00
398,Jarquez Hunter,LAR,RB,23,2,0,0,0,0,0,0,0,0,,0,0,0,0,,0,0,0,0,,,,,,,,104,,HuntJa03
399,Jalin Hyatt,NYG,WR,24,1,0,0,0,0,0,0,0,0,,0,0,0,0,,0,0,0,0,,,,,,,,163,,HyatJa00
400,Jakob Johnson,HOU,FB,31,3,1,0,0,0,0,0,0,0,,0,0,0,0,,0,0,0,0,,,,,,,,105,,JohnJa12
401,Kameron Johnson,TAM,WR,23,3,0,0,0,0,0,0,0,0,,0,0,0,0,,0,0,0,0,,,,,,,,164,,JohnKa01
402,Kaleb Johnson,PIT,RB,22,2,0,0,0,0,0,0,2,-1,-0.50,0,0,0,0,,0,1,0,0,,,,-0.1,-0.1,-0.1,,121,,JohnKa03
403,Roschon Johnson,CHI,RB,24,2,0,0,0,0,0,0,0,0,,0,0,0,0,,0,0,0,0,,,,,,,,106,,JohnRo07
404,Tez Johnson,TAM,WR,23,2,0,0,0,0,0,0,0,0,,0,2,0,0,,0,0,0,0,,,,,,,,165,,JohnTe03
405,Charlie Jones,CIN,WR,27,3,0,0,0,0,0,0,0,0,,0,0,0,0,,0,0,0,0,,,,,,,,166,,JoneCh11
406,Tim Jones,MIN,WR,27,2,0,0,0,0,0,0,0,0,,0,0,0,0,,0,0,0,0,,,,,,,,167,,JoneTi00
407,Velus Jones Jr.,NOR,RB,28,3,0,0,0,0,0,0,0,0,,0,0,0,0,,0,0,0,0,,,,,,,,107,,JoneVe00
408,Ko Kieft,TAM,TE,27,3,0,0,0,0,0,0,0,0,,0,0,0,0,,0,0,0,0,,,,,,,,89,,KiefKo00
409,Zonovan Knight,ARI,RB,24,1,0,0,0,0,0,0,0,0,,0,0,0,0,,0,0,0,0,,,,,,,,108,,KnigZo00
410,KeAndre Lambert-Smith,LAC,WR,24,2,0,0,0,0,0,0,0,0,,0,1,0,0,,0,0,0,0,,,,,,,,168,,LambKe01
411,Cameron Latu,PHI,TE,25,2,0,0,0,0,0,0,0,0,,0,0,0,0,,0,0,0,0,,,,,,,,90,,LatuCa01
412,Dominic Lovett,DET,WR,23,3,0,0,0,0,0,0,0,0,,0,0,0,0,,0,0,0,0,,,,,,,,169,,LoveDo00
413,Hunter Luepke,DAL,RB,25,3,1,0,0,0,0,0,0,0,,0,0,0,0,,0,0,0,0,,,,,,,,109,,LuepHu00
414,David Martin-Robinson,TEN,TE,26,3,0,0,0,0,0,0,0,0,,0,0,0,0,,0,0,0,0,,,,,,,,91,,MartDa01
415,Moliki Matavao,NOR,TE,22,2,0,0,0,0,0,0,0,0,,0,0,0,0,,0,0,0,0,,,,,,,,92,,MataMo00
416,Bo Melton,GNB,WR,26,2,0,0,0,0,0,0,0,0,,0,0,0,0,,0,0,0,0,,,,,,,,170,,MeltBo00
417,Scott Miller,PIT,WR,28,3,0,0,0,0,0,0,0,0,,0,0,0,0,,0,0,0,0,,,,,,,,171,,MillSc01
418,Jalen Milroe,SEA,QB,23,2,0,0,0,0,0,0,2,4,2.00,0,0,0,0,,0,0,0,0,,,,0.4,0.4,0.4,,46,,MilrJa00
419,Joe Milton,DAL,QB,25,1,0,3,5,41,0,1,0,0,,0,0,0,0,,0,0,0,0,,,,-0.4,0.6,0.6,,54,,MiltJo00
420,Jordan Mims,TEN,RB,26,1,0,0,0,0,0,0,0,0,,0,0,0,0,,0,0,0,0,,,,,,,,110,,MimsJo00
421,Zaire Mitchell-Paden,BAL,TE,26,3,0,0,0,0,0,0,0,0,,0,1,0,0,,0,0,0,0,,,,,,,,93,,MitcZa00
422,Quintin Morris,JAX,TE,26,2,0,0,0,0,0,0,0,0,,0,0,0,0,,0,0,0,0,,,,,,,,94,,MorrQu00
423,Kalel Mullings,TEN,RB,23,2,0,0,0,0,0,0,0,0,,0,0,0,0,,0,0,0,0,,,,,,,,111,,MullKa00
424,Konata Mumpfield,LAR,WR,23,3,0,0,0,0,0,0,0,0,,0,0,0,0,,0,0,0,0,,,,,,,,172,,MumpKo00
425,Kene Nwangwu,NYJ,RB,27,1,0,0,0,0,0,0,0,0,,0,0,0,0,,0,0,0,0,,,,,,,,112,,NwanKe00
426,Andrew Ogletree,IND,TE,27,3,0,0,0,0,0,0,0,0,,0,0,0,0,,0,0,0,0,,,,,,,,95,,OgleAn00
427,Gunner Olszewski,NYG,WR,29,3,0,0,0,0,0,0,0,0,,0,0,0,0,,0,0,0,0,,,,,,,,173,,OlszGu00
428,Robbie Ouzts,SEA,FB,23,3,2,0,0,0,0,0,0,0,,0,0,0,0,,0,0,0,0,,,,,,,,113,,OuztRo00
429,Adam Prentice,DEN,FB,28,3,1,0,0,0,0,0,0,0,,0,1,1,4,4.00,0,0,0,0,,,,1.4,1.4,0.9,,93,,PrenAd00
430,Teagan Quitoriano,ATL,TE,25,3,0,0,0,0,0,0,0,0,,0,0,0,0,,0,0,0,0,,,,,,,,96,,QuitTe00
431,Craig Reynolds,DET,RB,29,2,0,0,0,0,0,0,3,4,1.33,0,0,0,0,,0,0,0,0,,,,0.4,0.4,0.4,,94,,ReynCr00
432,Anthony Richardson,IND,QB,23,1,0,0,0,0,0,0,4,-1,-0.25,0,0,0,0,,0,0,0,0,,,,-0.1,-0.1,-0.1,,52,,RichAn03
433,Mason Rudolph,PIT,QB,30,1,0,2,2,12,0,0,0,0,,0,0,0,0,,0,0,0,0,,,,0.5,0.5,0.5,,45,,RudoMa00
434,Cooper Rush,BAL,QB,32,1,0,0,0,0,0,0,3,-4,-1.33,0,0,0,0,,0,0,0,0,,,,-0.4,-0.4,-0.4,,55,,RushCo00
435,Brady Russell,SEA,TE,27,3,0,0,0,0,0,0,0,0,,0,0,0,0,,0,0,0,0,,,,,,,,97,,RussBr00
436,Brett Rypien,CIN,QB,29,1,0,0,0,0,0,0,0,0,,0,0,0,0,,0,0,0,0,,,,,,,,50,,RypiBr00
437,Jacob Saylors,DET,RB,24,3,0,0,0,0,0,0,0,0,,0,0,0,0,,0,0,0,0,,,,,,,,114,,SaylJa00
438,Cody Schrader,LAR,RB,26,1,0,0,0,0,0,0,0,0,,0,0,0,0,,0,0,0,0,,,,,,,,115,,SchrCo00
439,Trey Sermon,PIT,RB,26,1,0,0,0,0,0,0,0,0,,0,0,0,0,,0,0,0,0,,,,,,,,116,,SermTr00
440,Justin Shorter,LVR,TE,25,3,0,0,0,0,0,0,0,0,,0,0,0,0,,0,0,0,0,,,,,,,,98,,ShorJu00
441,Tyler Shough,NOR,QB,26,1,0,0,2,0,0,0,0,0,,0,0,0,0,,0,0,0,0,,,,,,,,49,,ShouTy00
442,Ben Sims,GNB,TE,25,1,0,0,0,0,0,0,0,0,,0,0,0,0,,0,0,0,0,,,,,,,,99,,SimsBe00
443,Stone Smartt,NYJ,TE,27,3,0,0,0,0,0,0,0,0,,0,0,0,0,,0,0,0,0,,,,,,,,100,,SmarSt00
444,Arian Smith,NYJ,WR,24,3,1,0,0,0,0,0,1,-10,-10.00,0,4,3,10,3.33,0,0,0,0,,,,3.0,3.0,1.5,,174,,SmitAr01
445,Durham Smythe,CHI,TE,30,3,0,0,0,0,0,0,0,0,,0,0,0,0,,0,0,0,0,,,,,,,,101,,SmytDu00
446,Brevyn Spann-Ford,DAL,TE,26,3,0,0,0,0,0,0,0,0,,0,2,1,3,3.00,0,0,0,0,,,,1.3,1.3,0.8,,78,,SpanBr00
447,Ian Thomas,LVR,TE,29,3,0,0,0,0,0,0,0,0,,0,0,0,0,,0,0,0,0,,,,,,,,102,,ThomIa00
448,Mason Tipton,NOR,WR,25,2,0,0,0,0,0,0,0,0,,0,0,0,0,,0,0,0,0,,,,,,,,175,,TiptMa00
449,Robert Tonyan,KAN,TE,31,3,0,0,0,0,0,0,0,0,,0,0,0,0,,0,0,0,0,,,,,,,,103,,TonyRo00
450,Sean Tucker,TAM,RB,24,3,0,0,0,0,0,0,1,2,2.00,0,0,0,0,,0,0,0,0,,,,0.2,0.2,0.2,,95,,TuckSe00
451,Malik Turner,SFO,WR,29,1,0,0,0,0,0,0,0,0,,0,0,0,0,,0,0,0,0,,,,,,,,176,,TurnMa00
452,Sione Vaki,DET,RB,24,1,0,0,0,0,0,0,0,0,,0,0,0,0,,0,0,0,0,,,,,,,,117,,VakiSi00
453,Nick Vannett,MIN,TE,32,1,0,0,0,0,0,0,0,0,,0,0,0,0,,0,0,0,0,,,,,,,,104,,VannNi00
454,Travis Vokolek,ARI,TE,27,3,1,0,0,0,0,0,0,0,,0,0,0,0,,0,0,0,0,,,,,,,,105,,VokoTr00
455,Jahdae Walker,CHI,WR,23,2,0,0,0,0,0,0,0,0,,0,0,0,0,,0,0,0,0,,,,,,,,177,,WalkJa03
456,Carlos Washington,ATL,RB,27,1,0,0,0,0,0,0,0,0,,0,0,0,0,,0,0,0,0,,,,,,,,118,,WashCa00
457,Xavier Weaver,ARI,WR,25,1,0,0,0,0,0,0,0,0,,0,0,0,0,,0,0,0,0,,,,,,,,178,,WeavXa00
458,Treyton Welch,NOR,TE,24,1,0,0,0,0,0,0,0,0,,0,0,0,0,,0,0,0,0,,,,,,,,106,,WelcTr00
459,Jack Westover,NWE,FB,26,3,0,0,0,0,0,0,0,0,,0,0,0,0,,0,0,0,0,,,,,,,,119,,WestJa01
460,LaJohntay Wester,BAL,WR,23,3,0,0,0,0,0,0,0,0,,0,0,0,0,,0,0,0,0,,,,,,,,179,,WestLa01
461,Blake Whiteheart,CLE,TE,25,3,0,0,0,0,0,0,0,0,,0,0,0,0,,0,0,0,0,,,,,,,,107,,WhitBl01
462,Cody White,SEA,WR,27,1,0,0,0,0,0,0,0,0,,0,0,0,0,,0,0,0,0,,,,,,,,180,,WhitCo05
463,Brayden Willis,SFO,TE,26,2,0,0,0,0,0,0,0,0,,0,1,0,0,,0,0,0,0,,,,,,,,108,,WillBr06
464,Isaiah Williams,NYJ,WR,24,2,0,0,0,0,0,0,0,0,,0,0,0,0,,0,0,0,0,,,,,,,,181,,WillIs03
465,Jeff Wilson,MIA,RB,30,2,0,0,0,0,0,0,0,0,,0,0,0,0,,0,0,0,0,,,,,,,,120,,WilsJe01
466,Xavier Worthy,KAN,WR,22,1,1,0,0,0,0,0,1,0,0.00,0,1,0,0,,0,0,0,0,,,,,,,,182,,WortXa00
467,Colson Yankoff,WAS,TE,25,3,0,0,0,0,0,0,0,0,,0,0,0,0,,0,0,0,0,,,,,,,,109,,YankCo00
468,Ben Yurosek,MIN,TE,23,3,0,0,0,0,0,0,0,0,,0,0,0,0,,0,0,0,0,,,,,,,,110,,YuroBe00
469,Shane Zylstra,DET,TE,29,2,0,0,0,0,0,0,0,0,,0,0,0,0,,0,0,0,0,,,,,,,,111,,ZylsSh00
470,Trevor Etienne,CAR,RB,21,3,0,0,0,0,0,0,1,4,4.00,0,1,1,2,2.00,0,1,1,0,,,-1,-0.4,0.6,-0.9,,122,,EtieTr01
471,Charlie Woerner,ATL,TE,28,3,1,0,0,0,0,0,0,0,,0,1,1,-5,-5.00,0,0,0,0,,,-1,0.5,0.5,,,112,,WoerCh00
472,Derius Davis,LAC,WR,25,3,0,0,0,0,0,0,2,5,2.50,0,0,0,0,,0,1,1,0,,,-2,-1.5,-0.5,-1.5,,183,,DaviDe02
473,Xavier Gipson,NYJ,WR,24,1,0,0,0,0,0,0,0,0,,0,0,0,0,,0,1,1,0,,,-2,-2.0,-1.0,-2.0,,184,,GipsXa00
474,Myles Price,MIN,WR,24,3,0,0,0,0,0,0,0,0,,0,0,0,0,,0,1,1,0,,,-2,-2.0,-1.0,-2.0,,185,,PricMy00
475,Colby Parkinson,LAR,TE,26,2,0,0,0,0,0,0,0,0,,0,2,2,-6,-3.00,0,1,1,0,,,-3,-0.6,0.4,-1.6,,113,,ParkCo02